Starting…
Running 'Verilator.Lint' at 'runs/RUN_2026-08-28_16-13-43/01-verilator-lint'…
Logging subprocess to [repr.filename]'runs/RUN_2026-08-28_16-13-43/01-verilator-lint/verilator-lint.log'[/repr.filename]…
Running 'Checker.LintTimingConstructs' at 'runs/RUN_2026-08-28_16-13-43/02-checker-linttimingconstructs'…
Check for Lint Timing Errors clear.
Running 'Checker.LintErrors' at 'runs/RUN_2026-08-28_16-13-43/03-checker-linterrors'…
Check for Lint errors clear.
Running 'Checker.LintWarnings' at 'runs/RUN_2026-08-28_16-13-43/04-checker-lintwarnings'…
Check for Lint warnings clear.
Running 'Yosys.JsonHeader' at 'runs/RUN_2026-08-28_16-13-43/05-yosys-jsonheader'…
Logging subprocess to [repr.filename]'runs/RUN_2026-08-28_16-13-43/05-yosys-jsonheader/yosys-jsonheader.log'[/repr.filename]…
Running 'Yosys.Synthesis' at 'runs/RUN_2026-08-28_16-13-43/06-yosys-synthesis'…
Logging subprocess to [repr.filename]'runs/RUN_2026-08-28_16-13-43/06-yosys-synthesis/yosys-synthesis.log'[/repr.filename]…
Parsing synthesis checks…
Running 'Checker.YosysUnmappedCells' at 'runs/RUN_2026-08-28_16-13-43/07-checker-yosysunmappedcells'…
Check for Unmapped Yosys instances clear.
Running 'Checker.YosysSynthChecks' at 'runs/RUN_2026-08-28_16-13-43/08-checker-yosyssynthchecks'…
Check for Yosys check errors clear.
Running 'Checker.NetlistAssignStatements' at 'runs/RUN_2026-08-28_16-13-43/09-checker-netlistassignstatements'…
Skipping step 'Check SDC Files'…
Skipping step 'Check Macro Instances'…
Skipping step 'STA (Pre-PnR)'…
Skipping step 'Floorplan Init'…
Skipping step 'Dump RC Values'…
Skipping step 'Check Antenna Properties of Macros Pins in Their LEF Views'…
Skipping step 'Set Power Connections'…
Skipping step 'Manual Macro Placement'…
Skipping step 'Cut Rows'…
Skipping step 'Tap/Decap Insertion'…
Skipping step 'Add PDN obstructions'…
Skipping step 'Generate PDN'…
Skipping step 'Remove PDN obstructions'…
Skipping step 'Add Obstructions'…
Skipping step 'Global Placement Skip IO'…
Skipping step 'I/O Placement'…
Skipping step 'Custom I/O Placement'…
Skipping step 'Apply DEF Template'…
Skipping step 'Global Placement'…
Skipping step 'Write Verilog Header'…
Skipping step 'Power Grid Violation Checker'…
Skipping step 'STA (Mid-PnR)'…
Skipping step 'Repair Design (Post-Global Placement)'…
Skipping step 'Manual Global Placement'…
Skipping step 'Detailed Placement'…
Skipping step 'Clock Tree Synthesis'…
Skipping step 'STA (Mid-PnR)'…
Skipping step 'Resizer Timing Optimizations (Post-Clock Tree Synthesis)'…
Skipping step 'STA (Mid-PnR)'…
Skipping step 'Global Routing'…
Skipping step 'Check Antennas'…
Gating variable for step 'OpenROAD.RepairDesignPostGRT' set to 'False'- the step will be skipped.
Skipping step 'Repair Design (Post-Global Routing)'…
Skipping step 'Diodes on Ports'…
Gating variable for step 'Odb.HeuristicDiodeInsertion' set to 'False'- the step will be skipped.
Skipping step 'Heuristic Diode Insertion'…
Skipping step 'Antenna Repair'…
Gating variable for step 'OpenROAD.ResizerTimingPostGRT' set to 'False'- the step will be skipped.
Skipping step 'Resizer Timing Optimizations (Post-Global Routing)'…
Skipping step 'STA (Mid-PnR)'…
Skipping step 'Detailed Routing'…
Skipping step 'Remove Obstructions'…
Skipping step 'Check Antennas'…
Skipping step 'Routing DRC Checker'…
Skipping step 'Report Disconnected Pins'…
Skipping step 'Disconnected Pins Checker'…
Skipping step 'Report Wire Length'…
Skipping step 'Wire Length Threshold Checker'…
Skipping step 'Fill Insertion'…
Skipping step 'Generate Cell Frequency Tables'…
Skipping step 'Parasitics (RC) Extraction'…
Skipping step 'STA (Post-PnR)'…
Skipping step 'IR Drop Report'…
Skipping step 'GDSII Stream Out (Magic)'…
Skipping step 'GDSII Stream Out (KLayout)'…
Skipping step 'Render Image (w/ KLayout)'…
Skipping step 'Write LEF (Magic)'…
Skipping step 'Check Antenna Properties of Pins in The Generated Design LEF view'…
Skipping step 'KLayout vs. Magic XOR'…
Skipping step 'XOR Difference Checker'…
Skipping step 'DRC'…
Skipping step 'Design Rule Check (KLayout)'…
Skipping step 'Magic DRC Checker'…
Skipping step 'KLayout DRC Checker'…
Skipping step 'SPICE Extraction'…
Skipping step 'Illegal Overlap Checker'…
Skipping step 'Netgen LVS'…
Skipping step 'LVS Error Checker'…
Gating variable for step 'Yosys.EQY' set to 'False'- the step will be skipped.
Skipping step 'Equivalence Check'…
Skipping step 'Setup Timing Violations Checker'…
Skipping step 'Hold Timing Violations Checker'…
Skipping step 'Max Slew Violations Checker'…
Skipping step 'Max Cap Violations Checker'…
Skipping step 'Report Manufacturability'…
Saving views to '/foss/designs/Work_Area/GDS/runs/RUN_2026-08-28_16-13-43/final'…
Flow complete.
Starting…
Skipping step 'Verilator Lint'…
Skipping step 'Lint Timing Error Checker'…
Skipping step 'Lint Errors Checker'…
Skipping step 'Lint Warnings Checker'…
Skipping step 'Generate JSON Header'…
Skipping step 'Synthesis'…
Skipping step 'Unmapped Cells Checker'…
Skipping step 'Yosys Synth Checks'…
Running 'Checker.NetlistAssignStatements' at 'runs/RUN_2026-08-28_16-13-43/10-checker-netlistassignstatements'…
Running 'OpenROAD.CheckSDCFiles' at 'runs/RUN_2026-08-28_16-13-43/11-openroad-checksdcfiles'…
'PNR_SDC_FILE' is not defined. Using generic fallback SDC for OpenROAD PnR steps.
'SIGNOFF_SDC_FILE' is not defined. Using generic fallback SDC for OpenROAD PnR steps.
Running 'OpenROAD.CheckMacroInstances' at 'runs/RUN_2026-08-28_16-13-43/12-openroad-checkmacroinstances'…
No macros found, skipping instance check…
Running 'OpenROAD.STAPrePNR' at 'runs/RUN_2026-08-28_16-13-43/13-openroad-staprepnr'…
Starting STA for the nom_tt_025C_1v80 timing corner…
Starting STA for the nom_ss_100C_1v60 timing corner…
Starting STA for the nom_ff_n40C_1v95 timing corner…
Skipping corner min_tt_025C_1v80 for STA (identical to nom_tt_025C_1v80 at this stage)…
Logging subprocess to [repr.filename]'runs/RUN_2026-08-28_16-13-43/13-openroad-staprepnr/nom_tt_025C_1v80/sta.log'[/repr.filename]…
Logging subprocess to [repr.filename]'runs/RUN_2026-08-28_16-13-43/13-openroad-staprepnr/nom_ss_100C_1v60/sta.log'[/repr.filename]…
Skipping corner min_ss_100C_1v60 for STA (identical to nom_ss_100C_1v60 at this stage)…
Skipping corner min_ff_n40C_1v95 for STA (identical to nom_ff_n40C_1v95 at this stage)…
Skipping corner max_tt_025C_1v80 for STA (identical to nom_tt_025C_1v80 at this stage)…
Skipping corner max_ss_100C_1v60 for STA (identical to nom_ss_100C_1v60 at this stage)…
Logging subprocess to [repr.filename]'runs/RUN_2026-08-28_16-13-43/13-openroad-staprepnr/nom_ff_n40C_1v95/sta.log'[/repr.filename]…
Skipping corner max_ff_n40C_1v95 for STA (identical to nom_ff_n40C_1v95 at this stage)…
Finished STA for the nom_tt_025C_1v80 timing corner.
Finished STA for the nom_ss_100C_1v60 timing corner.
Finished STA for the nom_ff_n40C_1v95 timing corner.
Running 'OpenROAD.Floorplan' at 'runs/RUN_2026-08-28_16-13-43/14-openroad-floorplan'…
Logging subprocess to [repr.filename]'runs/RUN_2026-08-28_16-13-43/14-openroad-floorplan/openroad-floorplan.log'[/repr.filename]…
[STA-1173] /foss/pdks/sky130A/libs.ref/sky130_fd_io/lib/sky130_ef_io__vccd_lvc_clamped_pad_tt_025C_1v80_3v30_3v30.lib line 42, default_fanout_load is 0.0.
[STA-1173] /foss/pdks/sky130A/libs.ref/sky130_fd_io/lib/sky130_ef_io__vssd_lvc_clamped_pad_tt_025C_1v80_3v30.lib line 43, default_fanout_load is 0.0.
[STA-1173] /foss/pdks/sky130A/libs.ref/sky130_fd_io/lib/sky130_ef_io__vddio_hvc_clamped_pad_tt_025C_1v80_3v30_3v30.lib line 42, default_fanout_load is 0.0.
[STA-1173] /foss/pdks/sky130A/libs.ref/sky130_fd_io/lib/sky130_ef_io__vssio_hvc_clamped_pad_tt_025C_1v80_3v30_3v30.lib line 42, default_fanout_load is 0.0.
[STA-1173] /foss/pdks/sky130A/libs.ref/sky130_fd_io/lib/sky130_ef_io__gpiov2_pad_tt_tt_025C_1v80_3v30.lib line 33, default_fanout_load is 0.0.
[STA-1173] /foss/pdks/sky130A/libs.ref/sky130_fd_io/lib/slices_stubs.lib line 33, default_fanout_load is 0.0.
[STA-1173] /foss/pdks/sky130A/libs.ref/sky130_fd_io/lib/sky130_ef_io__analog_stubs.lib line 43, default_fanout_load is 0.0.
[ORD-2056] The following 2 liberty cell(s) do not have LEF masters and will be marked as dont-use:
Running 'OpenROAD.DumpRCValues' at 'runs/RUN_2026-08-28_16-13-43/15-openroad-dumprcvalues'…
Logging subprocess to [repr.filename]'runs/RUN_2026-08-28_16-13-43/15-openroad-dumprcvalues/openroad-dumprcvalues.log'[/repr.filename]…
[STA-1173] /foss/pdks/sky130A/libs.ref/sky130_fd_io/lib/sky130_ef_io__vccd_lvc_clamped_pad_tt_025C_1v80_3v30_3v30.lib line 42, default_fanout_load is 0.0.
[STA-1173] /foss/pdks/sky130A/libs.ref/sky130_fd_io/lib/sky130_ef_io__vssd_lvc_clamped_pad_tt_025C_1v80_3v30.lib line 43, default_fanout_load is 0.0.
[STA-1173] /foss/pdks/sky130A/libs.ref/sky130_fd_io/lib/sky130_ef_io__vddio_hvc_clamped_pad_tt_025C_1v80_3v30_3v30.lib line 42, default_fanout_load is 0.0.
[STA-1173] /foss/pdks/sky130A/libs.ref/sky130_fd_io/lib/sky130_ef_io__vssio_hvc_clamped_pad_tt_025C_1v80_3v30_3v30.lib line 42, default_fanout_load is 0.0.
[STA-1173] /foss/pdks/sky130A/libs.ref/sky130_fd_io/lib/sky130_ef_io__gpiov2_pad_tt_tt_025C_1v80_3v30.lib line 33, default_fanout_load is 0.0.
[STA-1173] /foss/pdks/sky130A/libs.ref/sky130_fd_io/lib/slices_stubs.lib line 33, default_fanout_load is 0.0.
[STA-1173] /foss/pdks/sky130A/libs.ref/sky130_fd_io/lib/sky130_ef_io__analog_stubs.lib line 43, default_fanout_load is 0.0.
[ORD-2056] The following 2 liberty cell(s) do not have LEF masters and will be marked as dont-use:
Running 'Odb.CheckMacroAntennaProperties' at 'runs/RUN_2026-08-28_16-13-43/16-odb-checkmacroantennaproperties'…
No cells provided, skipping 'Odb.CheckMacroAntennaProperties'…
Running 'Odb.SetPowerConnections' at 'runs/RUN_2026-08-28_16-13-43/17-odb-setpowerconnections'…
Logging subprocess to [repr.filename]'runs/RUN_2026-08-28_16-13-43/17-odb-setpowerconnections/odb-setpowerconnections.log'[/repr.filename]…
Running 'Odb.ManualMacroPlacement' at 'runs/RUN_2026-08-28_16-13-43/18-odb-manualmacroplacement'…
No instances found, skipping 'Odb.ManualMacroPlacement'…
Running 'OpenROAD.CutRows' at 'runs/RUN_2026-08-28_16-13-43/19-openroad-cutrows'…
Logging subprocess to [repr.filename]'runs/RUN_2026-08-28_16-13-43/19-openroad-cutrows/openroad-cutrows.log'[/repr.filename]…
[STA-1173] /foss/pdks/sky130A/libs.ref/sky130_fd_io/lib/sky130_ef_io__vccd_lvc_clamped_pad_tt_025C_1v80_3v30_3v30.lib line 42, default_fanout_load is 0.0.
[STA-1173] /foss/pdks/sky130A/libs.ref/sky130_fd_io/lib/sky130_ef_io__vssd_lvc_clamped_pad_tt_025C_1v80_3v30.lib line 43, default_fanout_load is 0.0.
[STA-1173] /foss/pdks/sky130A/libs.ref/sky130_fd_io/lib/sky130_ef_io__vddio_hvc_clamped_pad_tt_025C_1v80_3v30_3v30.lib line 42, default_fanout_load is 0.0.
[STA-1173] /foss/pdks/sky130A/libs.ref/sky130_fd_io/lib/sky130_ef_io__vssio_hvc_clamped_pad_tt_025C_1v80_3v30_3v30.lib line 42, default_fanout_load is 0.0.
[STA-1173] /foss/pdks/sky130A/libs.ref/sky130_fd_io/lib/sky130_ef_io__gpiov2_pad_tt_tt_025C_1v80_3v30.lib line 33, default_fanout_load is 0.0.
[STA-1173] /foss/pdks/sky130A/libs.ref/sky130_fd_io/lib/slices_stubs.lib line 33, default_fanout_load is 0.0.
[STA-1173] /foss/pdks/sky130A/libs.ref/sky130_fd_io/lib/sky130_ef_io__analog_stubs.lib line 43, default_fanout_load is 0.0.
[ORD-2056] The following 2 liberty cell(s) do not have LEF masters and will be marked as dont-use:
Running 'OpenROAD.TapEndcapInsertion' at 'runs/RUN_2026-08-28_16-13-43/20-openroad-tapendcapinsertion'…
Logging subprocess to [repr.filename]'runs/RUN_2026-08-28_16-13-43/20-openroad-tapendcapinsertion/openroad-tapendcapinsertion.log'[/repr.filename]…
[STA-1173] /foss/pdks/sky130A/libs.ref/sky130_fd_io/lib/sky130_ef_io__vccd_lvc_clamped_pad_tt_025C_1v80_3v30_3v30.lib line 42, default_fanout_load is 0.0.
[STA-1173] /foss/pdks/sky130A/libs.ref/sky130_fd_io/lib/sky130_ef_io__vssd_lvc_clamped_pad_tt_025C_1v80_3v30.lib line 43, default_fanout_load is 0.0.
[STA-1173] /foss/pdks/sky130A/libs.ref/sky130_fd_io/lib/sky130_ef_io__vddio_hvc_clamped_pad_tt_025C_1v80_3v30_3v30.lib line 42, default_fanout_load is 0.0.
[STA-1173] /foss/pdks/sky130A/libs.ref/sky130_fd_io/lib/sky130_ef_io__vssio_hvc_clamped_pad_tt_025C_1v80_3v30_3v30.lib line 42, default_fanout_load is 0.0.
[STA-1173] /foss/pdks/sky130A/libs.ref/sky130_fd_io/lib/sky130_ef_io__gpiov2_pad_tt_tt_025C_1v80_3v30.lib line 33, default_fanout_load is 0.0.
[STA-1173] /foss/pdks/sky130A/libs.ref/sky130_fd_io/lib/slices_stubs.lib line 33, default_fanout_load is 0.0.
[STA-1173] /foss/pdks/sky130A/libs.ref/sky130_fd_io/lib/sky130_ef_io__analog_stubs.lib line 43, default_fanout_load is 0.0.
[ORD-2056] The following 2 liberty cell(s) do not have LEF masters and will be marked as dont-use:
Running 'Odb.AddPDNObstructions' at 'runs/RUN_2026-08-28_16-13-43/21-odb-addpdnobstructions'…
'PDN_OBSTRUCTIONS' is not defined. Skipping 'Odb.AddPDNObstructions'…
Running 'OpenROAD.GeneratePDN' at 'runs/RUN_2026-08-28_16-13-43/22-openroad-generatepdn'…
'PDN_CFG' not explicitly set, setting it to /usr/local/lib/python3.12/dist-packages/librelane/scripts/openroad/common/pdn_cfg.tcl…
Logging subprocess to [repr.filename]'runs/RUN_2026-08-28_16-13-43/22-openroad-generatepdn/openroad-generatepdn.log'[/repr.filename]…
[STA-1173] /foss/pdks/sky130A/libs.ref/sky130_fd_io/lib/sky130_ef_io__vccd_lvc_clamped_pad_tt_025C_1v80_3v30_3v30.lib line 42, default_fanout_load is 0.0.
[STA-1173] /foss/pdks/sky130A/libs.ref/sky130_fd_io/lib/sky130_ef_io__vssd_lvc_clamped_pad_tt_025C_1v80_3v30.lib line 43, default_fanout_load is 0.0.
[STA-1173] /foss/pdks/sky130A/libs.ref/sky130_fd_io/lib/sky130_ef_io__vddio_hvc_clamped_pad_tt_025C_1v80_3v30_3v30.lib line 42, default_fanout_load is 0.0.
[STA-1173] /foss/pdks/sky130A/libs.ref/sky130_fd_io/lib/sky130_ef_io__vssio_hvc_clamped_pad_tt_025C_1v80_3v30_3v30.lib line 42, default_fanout_load is 0.0.
[STA-1173] /foss/pdks/sky130A/libs.ref/sky130_fd_io/lib/sky130_ef_io__gpiov2_pad_tt_tt_025C_1v80_3v30.lib line 33, default_fanout_load is 0.0.
[STA-1173] /foss/pdks/sky130A/libs.ref/sky130_fd_io/lib/slices_stubs.lib line 33, default_fanout_load is 0.0.
[STA-1173] /foss/pdks/sky130A/libs.ref/sky130_fd_io/lib/sky130_ef_io__analog_stubs.lib line 43, default_fanout_load is 0.0.
[ORD-2056] The following 2 liberty cell(s) do not have LEF masters and will be marked as dont-use:
Running 'Odb.RemovePDNObstructions' at 'runs/RUN_2026-08-28_16-13-43/23-odb-removepdnobstructions'…
'PDN_OBSTRUCTIONS' is not defined. Skipping 'Odb.RemovePDNObstructions'…
Running 'Odb.AddRoutingObstructions' at 'runs/RUN_2026-08-28_16-13-43/24-odb-addroutingobstructions'…
'ROUTING_OBSTRUCTIONS' is not defined. Skipping 'Odb.AddRoutingObstructions'…
Skipping step 'Global Placement Skip IO'…
Skipping step 'I/O Placement'…
Skipping step 'Custom I/O Placement'…
Skipping step 'Apply DEF Template'…
Skipping step 'Global Placement'…
Skipping step 'Write Verilog Header'…
Skipping step 'Power Grid Violation Checker'…
Skipping step 'STA (Mid-PnR)'…
Skipping step 'Repair Design (Post-Global Placement)'…
Skipping step 'Manual Global Placement'…
Skipping step 'Detailed Placement'…
Skipping step 'Clock Tree Synthesis'…
Skipping step 'STA (Mid-PnR)'…
Skipping step 'Resizer Timing Optimizations (Post-Clock Tree Synthesis)'…
Skipping step 'STA (Mid-PnR)'…
Skipping step 'Global Routing'…
Skipping step 'Check Antennas'…
Gating variable for step 'OpenROAD.RepairDesignPostGRT' set to 'False'- the step will be skipped.
Skipping step 'Repair Design (Post-Global Routing)'…
Skipping step 'Diodes on Ports'…
Gating variable for step 'Odb.HeuristicDiodeInsertion' set to 'False'- the step will be skipped.
Skipping step 'Heuristic Diode Insertion'…
Skipping step 'Antenna Repair'…
Gating variable for step 'OpenROAD.ResizerTimingPostGRT' set to 'False'- the step will be skipped.
Skipping step 'Resizer Timing Optimizations (Post-Global Routing)'…
Skipping step 'STA (Mid-PnR)'…
Skipping step 'Detailed Routing'…
Skipping step 'Remove Obstructions'…
Skipping step 'Check Antennas'…
Skipping step 'Routing DRC Checker'…
Skipping step 'Report Disconnected Pins'…
Skipping step 'Disconnected Pins Checker'…
Skipping step 'Report Wire Length'…
Skipping step 'Wire Length Threshold Checker'…
Skipping step 'Fill Insertion'…
Skipping step 'Generate Cell Frequency Tables'…
Skipping step 'Parasitics (RC) Extraction'…
Skipping step 'STA (Post-PnR)'…
Skipping step 'IR Drop Report'…
Skipping step 'GDSII Stream Out (Magic)'…
Skipping step 'GDSII Stream Out (KLayout)'…
Skipping step 'Render Image (w/ KLayout)'…
Skipping step 'Write LEF (Magic)'…
Skipping step 'Check Antenna Properties of Pins in The Generated Design LEF view'…
Skipping step 'KLayout vs. Magic XOR'…
Skipping step 'XOR Difference Checker'…
Skipping step 'DRC'…
Skipping step 'Design Rule Check (KLayout)'…
Skipping step 'Magic DRC Checker'…
Skipping step 'KLayout DRC Checker'…
Skipping step 'SPICE Extraction'…
Skipping step 'Illegal Overlap Checker'…
Skipping step 'Netgen LVS'…
Skipping step 'LVS Error Checker'…
Gating variable for step 'Yosys.EQY' set to 'False'- the step will be skipped.
Skipping step 'Equivalence Check'…
Skipping step 'Setup Timing Violations Checker'…
Skipping step 'Hold Timing Violations Checker'…
Skipping step 'Max Slew Violations Checker'…
Skipping step 'Max Cap Violations Checker'…
Skipping step 'Report Manufacturability'…
Saving views to '/foss/designs/Work_Area/GDS/runs/RUN_2026-08-28_16-13-43/final'…
Flow complete.
Starting…
Running 'OpenROAD.OpenGUI' at 'runs/RUN_2026-08-28_16-13-43/25-openroad-opengui'…
Logging subprocess to [repr.filename]'runs/RUN_2026-08-28_16-13-43/25-openroad-opengui/openroad-opengui.log'[/repr.filename]…
[STA-1173] /foss/pdks/sky130A/libs.ref/sky130_fd_io/lib/sky130_ef_io__vccd_lvc_clamped_pad_tt_025C_1v80_3v30_3v30.lib line 42, default_fanout_load is 0.0.
[STA-1173] /foss/pdks/sky130A/libs.ref/sky130_fd_io/lib/sky130_ef_io__vssd_lvc_clamped_pad_tt_025C_1v80_3v30.lib line 43, default_fanout_load is 0.0.
[STA-1173] /foss/pdks/sky130A/libs.ref/sky130_fd_io/lib/sky130_ef_io__vddio_hvc_clamped_pad_tt_025C_1v80_3v30_3v30.lib line 42, default_fanout_load is 0.0.
[STA-1173] /foss/pdks/sky130A/libs.ref/sky130_fd_io/lib/sky130_ef_io__vssio_hvc_clamped_pad_tt_025C_1v80_3v30_3v30.lib line 42, default_fanout_load is 0.0.
[STA-1173] /foss/pdks/sky130A/libs.ref/sky130_fd_io/lib/sky130_ef_io__gpiov2_pad_tt_tt_025C_1v80_3v30.lib line 33, default_fanout_load is 0.0.
[STA-1173] /foss/pdks/sky130A/libs.ref/sky130_fd_io/lib/slices_stubs.lib line 33, default_fanout_load is 0.0.
[STA-1173] /foss/pdks/sky130A/libs.ref/sky130_fd_io/lib/sky130_ef_io__analog_stubs.lib line 43, default_fanout_load is 0.0.
Saving views to '/foss/designs/Work_Area/GDS/runs/RUN_2026-08-28_16-13-43/final'…
Flow complete.
Starting…
Skipping step 'Verilator Lint'…
Skipping step 'Lint Timing Error Checker'…
Skipping step 'Lint Errors Checker'…
Skipping step 'Lint Warnings Checker'…
Skipping step 'Generate JSON Header'…
Skipping step 'Synthesis'…
Skipping step 'Unmapped Cells Checker'…
Skipping step 'Yosys Synth Checks'…
Skipping step 'Netlist Assign Statement Checker'…
Skipping step 'Check SDC Files'…
Skipping step 'Check Macro Instances'…
Skipping step 'STA (Pre-PnR)'…
Skipping step 'Floorplan Init'…
Skipping step 'Dump RC Values'…
Skipping step 'Check Antenna Properties of Macros Pins in Their LEF Views'…
Skipping step 'Set Power Connections'…
Skipping step 'Manual Macro Placement'…
Skipping step 'Cut Rows'…
Skipping step 'Tap/Decap Insertion'…
Skipping step 'Add PDN obstructions'…
Skipping step 'Generate PDN'…
Skipping step 'Remove PDN obstructions'…
Running 'Odb.AddRoutingObstructions' at 'runs/RUN_2026-08-28_16-13-43/26-odb-addroutingobstructions'…
'ROUTING_OBSTRUCTIONS' is not defined. Skipping 'Odb.AddRoutingObstructions'…
Running 'OpenROAD.GlobalPlacementSkipIO' at 'runs/RUN_2026-08-28_16-13-43/27-openroad-globalplacementskipio'…
'PL_TARGET_DENSITY_PCT' not explicitly set, using dynamically calculated target density: 26.547600…
Logging subprocess to [repr.filename]'runs/RUN_2026-08-28_16-13-43/27-openroad-globalplacementskipio/openroad-globalplacementskipio.log'[/repr.filename]…
[STA-1173] /foss/pdks/sky130A/libs.ref/sky130_fd_io/lib/sky130_ef_io__vccd_lvc_clamped_pad_tt_025C_1v80_3v30_3v30.lib line 42, default_fanout_load is 0.0.
[STA-1173] /foss/pdks/sky130A/libs.ref/sky130_fd_io/lib/sky130_ef_io__vssd_lvc_clamped_pad_tt_025C_1v80_3v30.lib line 43, default_fanout_load is 0.0.
[STA-1173] /foss/pdks/sky130A/libs.ref/sky130_fd_io/lib/sky130_ef_io__vddio_hvc_clamped_pad_tt_025C_1v80_3v30_3v30.lib line 42, default_fanout_load is 0.0.
[STA-1173] /foss/pdks/sky130A/libs.ref/sky130_fd_io/lib/sky130_ef_io__vssio_hvc_clamped_pad_tt_025C_1v80_3v30_3v30.lib line 42, default_fanout_load is 0.0.
[STA-1173] /foss/pdks/sky130A/libs.ref/sky130_fd_io/lib/sky130_ef_io__gpiov2_pad_tt_tt_025C_1v80_3v30.lib line 33, default_fanout_load is 0.0.
[STA-1173] /foss/pdks/sky130A/libs.ref/sky130_fd_io/lib/slices_stubs.lib line 33, default_fanout_load is 0.0.
[STA-1173] /foss/pdks/sky130A/libs.ref/sky130_fd_io/lib/sky130_ef_io__analog_stubs.lib line 43, default_fanout_load is 0.0.
[ORD-2056] The following 2 liberty cell(s) do not have LEF masters and will be marked as dont-use:
Running 'OpenROAD.IOPlacement' at 'runs/RUN_2026-08-28_16-13-43/28-openroad-ioplacement'…
Logging subprocess to [repr.filename]'runs/RUN_2026-08-28_16-13-43/28-openroad-ioplacement/openroad-ioplacement.log'[/repr.filename]…
[STA-1173] /foss/pdks/sky130A/libs.ref/sky130_fd_io/lib/sky130_ef_io__vccd_lvc_clamped_pad_tt_025C_1v80_3v30_3v30.lib line 42, default_fanout_load is 0.0.
[STA-1173] /foss/pdks/sky130A/libs.ref/sky130_fd_io/lib/sky130_ef_io__vssd_lvc_clamped_pad_tt_025C_1v80_3v30.lib line 43, default_fanout_load is 0.0.
[STA-1173] /foss/pdks/sky130A/libs.ref/sky130_fd_io/lib/sky130_ef_io__vddio_hvc_clamped_pad_tt_025C_1v80_3v30_3v30.lib line 42, default_fanout_load is 0.0.
[STA-1173] /foss/pdks/sky130A/libs.ref/sky130_fd_io/lib/sky130_ef_io__vssio_hvc_clamped_pad_tt_025C_1v80_3v30_3v30.lib line 42, default_fanout_load is 0.0.
[STA-1173] /foss/pdks/sky130A/libs.ref/sky130_fd_io/lib/sky130_ef_io__gpiov2_pad_tt_tt_025C_1v80_3v30.lib line 33, default_fanout_load is 0.0.
[STA-1173] /foss/pdks/sky130A/libs.ref/sky130_fd_io/lib/slices_stubs.lib line 33, default_fanout_load is 0.0.
[STA-1173] /foss/pdks/sky130A/libs.ref/sky130_fd_io/lib/sky130_ef_io__analog_stubs.lib line 43, default_fanout_load is 0.0.
[ORD-2056] The following 2 liberty cell(s) do not have LEF masters and will be marked as dont-use:
Running 'Odb.CustomIOPlacement' at 'runs/RUN_2026-08-28_16-13-43/29-odb-customioplacement'…
No custom I/O placement file configured, skipping 'Odb.CustomIOPlacement'…
Running 'Odb.ApplyDEFTemplate' at 'runs/RUN_2026-08-28_16-13-43/30-odb-applydeftemplate'…
No DEF template provided, skipping 'Odb.ApplyDEFTemplate'…
Running 'OpenROAD.GlobalPlacement' at 'runs/RUN_2026-08-28_16-13-43/31-openroad-globalplacement'…
'PL_TARGET_DENSITY_PCT' not explicitly set, using dynamically calculated target density: 26.547600…
Logging subprocess to [repr.filename]'runs/RUN_2026-08-28_16-13-43/31-openroad-globalplacement/openroad-globalplacement.log'[/repr.filename]…
[STA-1173] /foss/pdks/sky130A/libs.ref/sky130_fd_io/lib/sky130_ef_io__vccd_lvc_clamped_pad_tt_025C_1v80_3v30_3v30.lib line 42, default_fanout_load is 0.0.
[STA-1173] /foss/pdks/sky130A/libs.ref/sky130_fd_io/lib/sky130_ef_io__vssd_lvc_clamped_pad_tt_025C_1v80_3v30.lib line 43, default_fanout_load is 0.0.
[STA-1173] /foss/pdks/sky130A/libs.ref/sky130_fd_io/lib/sky130_ef_io__vddio_hvc_clamped_pad_tt_025C_1v80_3v30_3v30.lib line 42, default_fanout_load is 0.0.
[STA-1173] /foss/pdks/sky130A/libs.ref/sky130_fd_io/lib/sky130_ef_io__vssio_hvc_clamped_pad_tt_025C_1v80_3v30_3v30.lib line 42, default_fanout_load is 0.0.
[STA-1173] /foss/pdks/sky130A/libs.ref/sky130_fd_io/lib/sky130_ef_io__gpiov2_pad_tt_tt_025C_1v80_3v30.lib line 33, default_fanout_load is 0.0.
[STA-1173] /foss/pdks/sky130A/libs.ref/sky130_fd_io/lib/slices_stubs.lib line 33, default_fanout_load is 0.0.
[STA-1173] /foss/pdks/sky130A/libs.ref/sky130_fd_io/lib/sky130_ef_io__analog_stubs.lib line 43, default_fanout_load is 0.0.
[ORD-2056] The following 2 liberty cell(s) do not have LEF masters and will be marked as dont-use:
Running 'Odb.WriteVerilogHeader' at 'runs/RUN_2026-08-28_16-13-43/32-odb-writeverilogheader'…
Logging subprocess to [repr.filename]'runs/RUN_2026-08-28_16-13-43/32-odb-writeverilogheader/odb-writeverilogheader.log'[/repr.filename]…
Running 'Checker.PowerGridViolations' at 'runs/RUN_2026-08-28_16-13-43/33-checker-powergridviolations'…
Check for power grid violations (as reported by OpenROAD PSM- you may ignore these if LVS passes) clear.
Running 'OpenROAD.STAMidPNR' at 'runs/RUN_2026-08-28_16-13-43/34-openroad-stamidpnr'…
Logging subprocess to [repr.filename]'runs/RUN_2026-08-28_16-13-43/34-openroad-stamidpnr/openroad-stamidpnr.log'[/repr.filename]…
[STA-1173] /foss/pdks/sky130A/libs.ref/sky130_fd_io/lib/sky130_ef_io__vccd_lvc_clamped_pad_tt_025C_1v80_3v30_3v30.lib line 42, default_fanout_load is 0.0.
[STA-1173] /foss/pdks/sky130A/libs.ref/sky130_fd_io/lib/sky130_ef_io__vssd_lvc_clamped_pad_tt_025C_1v80_3v30.lib line 43, default_fanout_load is 0.0.
[STA-1173] /foss/pdks/sky130A/libs.ref/sky130_fd_io/lib/sky130_ef_io__vddio_hvc_clamped_pad_tt_025C_1v80_3v30_3v30.lib line 42, default_fanout_load is 0.0.
[STA-1173] /foss/pdks/sky130A/libs.ref/sky130_fd_io/lib/sky130_ef_io__vssio_hvc_clamped_pad_tt_025C_1v80_3v30_3v30.lib line 42, default_fanout_load is 0.0.
[STA-1173] /foss/pdks/sky130A/libs.ref/sky130_fd_io/lib/sky130_ef_io__gpiov2_pad_tt_tt_025C_1v80_3v30.lib line 33, default_fanout_load is 0.0.
[STA-1173] /foss/pdks/sky130A/libs.ref/sky130_fd_io/lib/slices_stubs.lib line 33, default_fanout_load is 0.0.
[STA-1173] /foss/pdks/sky130A/libs.ref/sky130_fd_io/lib/sky130_ef_io__analog_stubs.lib line 43, default_fanout_load is 0.0.
[ORD-2056] The following 2 liberty cell(s) do not have LEF masters and will be marked as dont-use:
Running 'OpenROAD.RepairDesignPostGPL' at 'runs/RUN_2026-08-28_16-13-43/35-openroad-repairdesignpostgpl'…
Logging subprocess to [repr.filename]'runs/RUN_2026-08-28_16-13-43/35-openroad-repairdesignpostgpl/openroad-repairdesignpostgpl.log'[/repr.filename]…
[STA-1173] /foss/pdks/sky130A/libs.ref/sky130_fd_io/lib/sky130_ef_io__vccd_lvc_clamped_pad_tt_025C_1v80_3v30_3v30.lib line 42, default_fanout_load is 0.0.
[STA-1173] /foss/pdks/sky130A/libs.ref/sky130_fd_io/lib/sky130_ef_io__vssd_lvc_clamped_pad_tt_025C_1v80_3v30.lib line 43, default_fanout_load is 0.0.
[STA-1173] /foss/pdks/sky130A/libs.ref/sky130_fd_io/lib/sky130_ef_io__vddio_hvc_clamped_pad_tt_025C_1v80_3v30_3v30.lib line 42, default_fanout_load is 0.0.
[STA-1173] /foss/pdks/sky130A/libs.ref/sky130_fd_io/lib/sky130_ef_io__vssio_hvc_clamped_pad_tt_025C_1v80_3v30_3v30.lib line 42, default_fanout_load is 0.0.
[STA-1173] /foss/pdks/sky130A/libs.ref/sky130_fd_io/lib/sky130_ef_io__gpiov2_pad_tt_tt_025C_1v80_3v30.lib line 33, default_fanout_load is 0.0.
[STA-1173] /foss/pdks/sky130A/libs.ref/sky130_fd_io/lib/slices_stubs.lib line 33, default_fanout_load is 0.0.
[STA-1173] /foss/pdks/sky130A/libs.ref/sky130_fd_io/lib/sky130_ef_io__analog_stubs.lib line 43, default_fanout_load is 0.0.
[STA-1173] /foss/pdks/sky130A/libs.ref/sky130_fd_io/lib/sky130_ef_io__vccd_lvc_clamped_pad_ss_100C_1v60_3v00_3v00.lib line 42, default_fanout_load is 0.0.
[STA-1173] /foss/pdks/sky130A/libs.ref/sky130_fd_io/lib/sky130_ef_io__vssd_lvc_clamped_pad_ss_100C_1v60_3v00.lib line 43, default_fanout_load is 0.0.
[STA-1173] /foss/pdks/sky130A/libs.ref/sky130_fd_io/lib/sky130_ef_io__vddio_hvc_clamped_pad_ss_100C_1v60_3v00_3v00.lib line 42, default_fanout_load is 0.0.
[STA-1173] /foss/pdks/sky130A/libs.ref/sky130_fd_io/lib/sky130_ef_io__vssio_hvc_clamped_pad_ss_100C_1v60_3v00_3v00.lib line 42, default_fanout_load is 0.0.
[STA-1173] /foss/pdks/sky130A/libs.ref/sky130_fd_io/lib/sky130_ef_io__gpiov2_pad_ss_ss_100C_1v60_3v00.lib line 33, default_fanout_load is 0.0.
[STA-1111] cell sky130_ef_io__gpiov2_pad_ss_ss_100C_1v60_3v00/sky130_ef_io__gpiov2_pad OUT -> PAD timing group combinational not found in cell sky130_ef_io__gpiov2_pad_tt_tt_025C_1v80_3v30/sky130_ef_io__gpiov2_pad.
[STA-1111] cell sky130_ef_io__gpiov2_pad_ss_ss_100C_1v60_3v00/sky130_ef_io__gpiov2_pad OUT -> PAD timing group combinational not found in cell sky130_ef_io__gpiov2_pad_tt_tt_025C_1v80_3v30/sky130_ef_io__gpiov2_pad.
[STA-1111] cell sky130_ef_io__gpiov2_pad_ss_ss_100C_1v60_3v00/sky130_ef_io__gpiov2_pad OUT -> PAD timing group combinational not found in cell sky130_ef_io__gpiov2_pad_tt_tt_025C_1v80_3v30/sky130_ef_io__gpiov2_pad.
[STA-1111] cell sky130_ef_io__gpiov2_pad_ss_ss_100C_1v60_3v00/sky130_ef_io__gpiov2_pad OUT -> PAD timing group combinational not found in cell sky130_ef_io__gpiov2_pad_tt_tt_025C_1v80_3v30/sky130_ef_io__gpiov2_pad.
[STA-1140] /foss/pdks/sky130A/libs.ref/sky130_fd_io/lib/slices_stubs.lib line 18, library slices_stubs already exists.
[STA-1173] /foss/pdks/sky130A/libs.ref/sky130_fd_io/lib/slices_stubs.lib line 33, default_fanout_load is 0.0.
[STA-1140] /foss/pdks/sky130A/libs.ref/sky130_fd_io/lib/sky130_ef_io__analog_stubs.lib line 18, library sky130_ef_io__analog_stubs already exists.
[STA-1173] /foss/pdks/sky130A/libs.ref/sky130_fd_io/lib/sky130_ef_io__analog_stubs.lib line 43, default_fanout_load is 0.0.
[STA-1140] /foss/pdks/sky130A/libs.ref/sky130_fd_sc_hd/lib/sky130_fd_sc_hd__tt_025C_1v80.lib line 1, library sky130_fd_sc_hd__tt_025C_1v80 already exists.
[STA-1140] /foss/pdks/sky130A/libs.ref/sky130_fd_io/lib/sky130_ef_io__vccd_lvc_clamped_pad_tt_025C_1v80_3v30_3v30.lib line 18, library sky130_ef_io__vccd_lvc_clamped_pad_tt_025C_1v80_3v30_3v30 already exists.
[STA-1173] /foss/pdks/sky130A/libs.ref/sky130_fd_io/lib/sky130_ef_io__vccd_lvc_clamped_pad_tt_025C_1v80_3v30_3v30.lib line 42, default_fanout_load is 0.0.
[STA-1140] /foss/pdks/sky130A/libs.ref/sky130_fd_io/lib/sky130_ef_io__vssd_lvc_clamped_pad_tt_025C_1v80_3v30.lib line 18, library sky130_ef_io__vssd_lvc_clamped_pad_tt_025C_1v80_3v30 already exists.
[STA-1173] /foss/pdks/sky130A/libs.ref/sky130_fd_io/lib/sky130_ef_io__vssd_lvc_clamped_pad_tt_025C_1v80_3v30.lib line 43, default_fanout_load is 0.0.
[STA-1140] /foss/pdks/sky130A/libs.ref/sky130_fd_io/lib/sky130_ef_io__vddio_hvc_clamped_pad_tt_025C_1v80_3v30_3v30.lib line 18, library sky130_ef_io__vddio_hvc_clamped_pad_tt_025C_1v80_3v30_3v30 already exists.
[STA-1173] /foss/pdks/sky130A/libs.ref/sky130_fd_io/lib/sky130_ef_io__vddio_hvc_clamped_pad_tt_025C_1v80_3v30_3v30.lib line 42, default_fanout_load is 0.0.
[STA-1140] /foss/pdks/sky130A/libs.ref/sky130_fd_io/lib/sky130_ef_io__vssio_hvc_clamped_pad_tt_025C_1v80_3v30_3v30.lib line 18, library sky130_ef_io__vssio_hvc_clamped_pad_tt_025C_1v80_3v30_3v30 already exists.
[STA-1173] /foss/pdks/sky130A/libs.ref/sky130_fd_io/lib/sky130_ef_io__vssio_hvc_clamped_pad_tt_025C_1v80_3v30_3v30.lib line 42, default_fanout_load is 0.0.
[STA-1140] /foss/pdks/sky130A/libs.ref/sky130_fd_io/lib/sky130_ef_io__gpiov2_pad_tt_tt_025C_1v80_3v30.lib line 18, library sky130_ef_io__gpiov2_pad_tt_tt_025C_1v80_3v30 already exists.
[STA-1173] /foss/pdks/sky130A/libs.ref/sky130_fd_io/lib/sky130_ef_io__gpiov2_pad_tt_tt_025C_1v80_3v30.lib line 33, default_fanout_load is 0.0.
[STA-1140] /foss/pdks/sky130A/libs.ref/sky130_fd_io/lib/slices_stubs.lib line 18, library slices_stubs already exists.
[STA-1173] /foss/pdks/sky130A/libs.ref/sky130_fd_io/lib/slices_stubs.lib line 33, default_fanout_load is 0.0.
[STA-1140] /foss/pdks/sky130A/libs.ref/sky130_fd_io/lib/sky130_ef_io__analog_stubs.lib line 18, library sky130_ef_io__analog_stubs already exists.
[STA-1173] /foss/pdks/sky130A/libs.ref/sky130_fd_io/lib/sky130_ef_io__analog_stubs.lib line 43, default_fanout_load is 0.0.
[STA-1173] /foss/pdks/sky130A/libs.ref/sky130_fd_io/lib/sky130_ef_io__vccd_lvc_clamped_pad_ff_n40C_1v95_5v50_5v50.lib line 42, default_fanout_load is 0.0.
[STA-1173] /foss/pdks/sky130A/libs.ref/sky130_fd_io/lib/sky130_ef_io__vssd_lvc_clamped_pad_ff_n40C_1v95_5v50.lib line 43, default_fanout_load is 0.0.
[STA-1173] /foss/pdks/sky130A/libs.ref/sky130_fd_io/lib/sky130_ef_io__vddio_hvc_clamped_pad_ff_n40C_1v95_5v50_5v50.lib line 42, default_fanout_load is 0.0.
[STA-1173] /foss/pdks/sky130A/libs.ref/sky130_fd_io/lib/sky130_ef_io__vssio_hvc_clamped_pad_ff_n40C_1v95_5v50_5v50.lib line 42, default_fanout_load is 0.0.
[STA-1173] /foss/pdks/sky130A/libs.ref/sky130_fd_io/lib/sky130_ef_io__gpiov2_pad_ff_ff_n40C_1v95_5v50.lib line 33, default_fanout_load is 0.0.
[STA-1140] /foss/pdks/sky130A/libs.ref/sky130_fd_io/lib/slices_stubs.lib line 18, library slices_stubs already exists.
[STA-1173] /foss/pdks/sky130A/libs.ref/sky130_fd_io/lib/slices_stubs.lib line 33, default_fanout_load is 0.0.
[STA-1140] /foss/pdks/sky130A/libs.ref/sky130_fd_io/lib/sky130_ef_io__analog_stubs.lib line 18, library sky130_ef_io__analog_stubs already exists.
[STA-1173] /foss/pdks/sky130A/libs.ref/sky130_fd_io/lib/sky130_ef_io__analog_stubs.lib line 43, default_fanout_load is 0.0.
[STA-1140] /foss/pdks/sky130A/libs.ref/sky130_fd_sc_hd/lib/sky130_fd_sc_hd__ff_n40C_1v95.lib line 1, library sky130_fd_sc_hd__ff_n40C_1v95 already exists.
[STA-1140] /foss/pdks/sky130A/libs.ref/sky130_fd_io/lib/sky130_ef_io__vccd_lvc_clamped_pad_ff_n40C_1v95_5v50_5v50.lib line 18, library sky130_ef_io__vccd_lvc_clamped_pad_ff_n40C_1v95_5v50_5v50 already exists.
[STA-1173] /foss/pdks/sky130A/libs.ref/sky130_fd_io/lib/sky130_ef_io__vccd_lvc_clamped_pad_ff_n40C_1v95_5v50_5v50.lib line 42, default_fanout_load is 0.0.
[STA-1140] /foss/pdks/sky130A/libs.ref/sky130_fd_io/lib/sky130_ef_io__vssd_lvc_clamped_pad_ff_n40C_1v95_5v50.lib line 18, library sky130_ef_io__vssd_lvc_clamped_pad_ff_n40C_1v95_5v50 already exists.
[STA-1173] /foss/pdks/sky130A/libs.ref/sky130_fd_io/lib/sky130_ef_io__vssd_lvc_clamped_pad_ff_n40C_1v95_5v50.lib line 43, default_fanout_load is 0.0.
[STA-1140] /foss/pdks/sky130A/libs.ref/sky130_fd_io/lib/sky130_ef_io__vddio_hvc_clamped_pad_ff_n40C_1v95_5v50_5v50.lib line 18, library sky130_ef_io__vddio_hvc_clamped_pad_ff_n40C_1v95_5v50_5v50 already exists.
[STA-1173] /foss/pdks/sky130A/libs.ref/sky130_fd_io/lib/sky130_ef_io__vddio_hvc_clamped_pad_ff_n40C_1v95_5v50_5v50.lib line 42, default_fanout_load is 0.0.
[STA-1140] /foss/pdks/sky130A/libs.ref/sky130_fd_io/lib/sky130_ef_io__vssio_hvc_clamped_pad_ff_n40C_1v95_5v50_5v50.lib line 18, library sky130_ef_io__vssio_hvc_clamped_pad_ff_n40C_1v95_5v50_5v50 already exists.
[STA-1173] /foss/pdks/sky130A/libs.ref/sky130_fd_io/lib/sky130_ef_io__vssio_hvc_clamped_pad_ff_n40C_1v95_5v50_5v50.lib line 42, default_fanout_load is 0.0.
[STA-1140] /foss/pdks/sky130A/libs.ref/sky130_fd_io/lib/sky130_ef_io__gpiov2_pad_ff_ff_n40C_1v95_5v50.lib line 18, library sky130_ef_io__gpiov2_pad_ff_ff_n40C_1v95_5v50 already exists.
[STA-1173] /foss/pdks/sky130A/libs.ref/sky130_fd_io/lib/sky130_ef_io__gpiov2_pad_ff_ff_n40C_1v95_5v50.lib line 33, default_fanout_load is 0.0.
[STA-1140] /foss/pdks/sky130A/libs.ref/sky130_fd_io/lib/slices_stubs.lib line 18, library slices_stubs already exists.
[STA-1173] /foss/pdks/sky130A/libs.ref/sky130_fd_io/lib/slices_stubs.lib line 33, default_fanout_load is 0.0.
[STA-1140] /foss/pdks/sky130A/libs.ref/sky130_fd_io/lib/sky130_ef_io__analog_stubs.lib line 18, library sky130_ef_io__analog_stubs already exists.
[STA-1173] /foss/pdks/sky130A/libs.ref/sky130_fd_io/lib/sky130_ef_io__analog_stubs.lib line 43, default_fanout_load is 0.0.
[STA-1140] /foss/pdks/sky130A/libs.ref/sky130_fd_sc_hd/lib/sky130_fd_sc_hd__ss_100C_1v60.lib line 1, library sky130_fd_sc_hd__ss_100C_1v60 already exists.
[STA-1140] /foss/pdks/sky130A/libs.ref/sky130_fd_io/lib/sky130_ef_io__vccd_lvc_clamped_pad_ss_100C_1v60_3v00_3v00.lib line 18, library sky130_ef_io__vccd_lvc_clamped_pad_ss_100C_1v60_3v00_3v00 already exists.
[STA-1173] /foss/pdks/sky130A/libs.ref/sky130_fd_io/lib/sky130_ef_io__vccd_lvc_clamped_pad_ss_100C_1v60_3v00_3v00.lib line 42, default_fanout_load is 0.0.
[STA-1140] /foss/pdks/sky130A/libs.ref/sky130_fd_io/lib/sky130_ef_io__vssd_lvc_clamped_pad_ss_100C_1v60_3v00.lib line 18, library sky130_ef_io__vssd_lvc_clamped_pad_ss_100C_1v60_3v00 already exists.
[STA-1173] /foss/pdks/sky130A/libs.ref/sky130_fd_io/lib/sky130_ef_io__vssd_lvc_clamped_pad_ss_100C_1v60_3v00.lib line 43, default_fanout_load is 0.0.
[STA-1140] /foss/pdks/sky130A/libs.ref/sky130_fd_io/lib/sky130_ef_io__vddio_hvc_clamped_pad_ss_100C_1v60_3v00_3v00.lib line 18, library sky130_ef_io__vddio_hvc_clamped_pad_ss_100C_1v60_3v00_3v00 already exists.
[STA-1173] /foss/pdks/sky130A/libs.ref/sky130_fd_io/lib/sky130_ef_io__vddio_hvc_clamped_pad_ss_100C_1v60_3v00_3v00.lib line 42, default_fanout_load is 0.0.
[STA-1140] /foss/pdks/sky130A/libs.ref/sky130_fd_io/lib/sky130_ef_io__vssio_hvc_clamped_pad_ss_100C_1v60_3v00_3v00.lib line 18, library sky130_ef_io__vssio_hvc_clamped_pad_ss_100C_1v60_3v00_3v00 already exists.
[STA-1173] /foss/pdks/sky130A/libs.ref/sky130_fd_io/lib/sky130_ef_io__vssio_hvc_clamped_pad_ss_100C_1v60_3v00_3v00.lib line 42, default_fanout_load is 0.0.
[STA-1140] /foss/pdks/sky130A/libs.ref/sky130_fd_io/lib/sky130_ef_io__gpiov2_pad_ss_ss_100C_1v60_3v00.lib line 18, library sky130_ef_io__gpiov2_pad_ss_ss_100C_1v60_3v00 already exists.
[STA-1173] /foss/pdks/sky130A/libs.ref/sky130_fd_io/lib/sky130_ef_io__gpiov2_pad_ss_ss_100C_1v60_3v00.lib line 33, default_fanout_load is 0.0.
[STA-1111] cell sky130_ef_io__gpiov2_pad_ss_ss_100C_1v60_3v00/sky130_ef_io__gpiov2_pad OUT -> PAD timing group combinational not found in cell sky130_ef_io__gpiov2_pad_tt_tt_025C_1v80_3v30/sky130_ef_io__gpiov2_pad.
[STA-1111] cell sky130_ef_io__gpiov2_pad_ss_ss_100C_1v60_3v00/sky130_ef_io__gpiov2_pad OUT -> PAD timing group combinational not found in cell sky130_ef_io__gpiov2_pad_tt_tt_025C_1v80_3v30/sky130_ef_io__gpiov2_pad.
[STA-1111] cell sky130_ef_io__gpiov2_pad_ss_ss_100C_1v60_3v00/sky130_ef_io__gpiov2_pad OUT -> PAD timing group combinational not found in cell sky130_ef_io__gpiov2_pad_tt_tt_025C_1v80_3v30/sky130_ef_io__gpiov2_pad.
[STA-1111] cell sky130_ef_io__gpiov2_pad_ss_ss_100C_1v60_3v00/sky130_ef_io__gpiov2_pad OUT -> PAD timing group combinational not found in cell sky130_ef_io__gpiov2_pad_tt_tt_025C_1v80_3v30/sky130_ef_io__gpiov2_pad.
[STA-1140] /foss/pdks/sky130A/libs.ref/sky130_fd_io/lib/slices_stubs.lib line 18, library slices_stubs already exists.
[STA-1173] /foss/pdks/sky130A/libs.ref/sky130_fd_io/lib/slices_stubs.lib line 33, default_fanout_load is 0.0.
[STA-1140] /foss/pdks/sky130A/libs.ref/sky130_fd_io/lib/sky130_ef_io__analog_stubs.lib line 18, library sky130_ef_io__analog_stubs already exists.
[STA-1173] /foss/pdks/sky130A/libs.ref/sky130_fd_io/lib/sky130_ef_io__analog_stubs.lib line 43, default_fanout_load is 0.0.
[STA-1140] /foss/pdks/sky130A/libs.ref/sky130_fd_sc_hd/lib/sky130_fd_sc_hd__tt_025C_1v80.lib line 1, library sky130_fd_sc_hd__tt_025C_1v80 already exists.
[STA-1140] /foss/pdks/sky130A/libs.ref/sky130_fd_io/lib/sky130_ef_io__vccd_lvc_clamped_pad_tt_025C_1v80_3v30_3v30.lib line 18, library sky130_ef_io__vccd_lvc_clamped_pad_tt_025C_1v80_3v30_3v30 already exists.
[STA-1173] /foss/pdks/sky130A/libs.ref/sky130_fd_io/lib/sky130_ef_io__vccd_lvc_clamped_pad_tt_025C_1v80_3v30_3v30.lib line 42, default_fanout_load is 0.0.
[STA-1140] /foss/pdks/sky130A/libs.ref/sky130_fd_io/lib/sky130_ef_io__vssd_lvc_clamped_pad_tt_025C_1v80_3v30.lib line 18, library sky130_ef_io__vssd_lvc_clamped_pad_tt_025C_1v80_3v30 already exists.
[STA-1173] /foss/pdks/sky130A/libs.ref/sky130_fd_io/lib/sky130_ef_io__vssd_lvc_clamped_pad_tt_025C_1v80_3v30.lib line 43, default_fanout_load is 0.0.
[STA-1140] /foss/pdks/sky130A/libs.ref/sky130_fd_io/lib/sky130_ef_io__vddio_hvc_clamped_pad_tt_025C_1v80_3v30_3v30.lib line 18, library sky130_ef_io__vddio_hvc_clamped_pad_tt_025C_1v80_3v30_3v30 already exists.
[STA-1173] /foss/pdks/sky130A/libs.ref/sky130_fd_io/lib/sky130_ef_io__vddio_hvc_clamped_pad_tt_025C_1v80_3v30_3v30.lib line 42, default_fanout_load is 0.0.
[STA-1140] /foss/pdks/sky130A/libs.ref/sky130_fd_io/lib/sky130_ef_io__vssio_hvc_clamped_pad_tt_025C_1v80_3v30_3v30.lib line 18, library sky130_ef_io__vssio_hvc_clamped_pad_tt_025C_1v80_3v30_3v30 already exists.
[STA-1173] /foss/pdks/sky130A/libs.ref/sky130_fd_io/lib/sky130_ef_io__vssio_hvc_clamped_pad_tt_025C_1v80_3v30_3v30.lib line 42, default_fanout_load is 0.0.
[STA-1140] /foss/pdks/sky130A/libs.ref/sky130_fd_io/lib/sky130_ef_io__gpiov2_pad_tt_tt_025C_1v80_3v30.lib line 18, library sky130_ef_io__gpiov2_pad_tt_tt_025C_1v80_3v30 already exists.
[STA-1173] /foss/pdks/sky130A/libs.ref/sky130_fd_io/lib/sky130_ef_io__gpiov2_pad_tt_tt_025C_1v80_3v30.lib line 33, default_fanout_load is 0.0.
[STA-1140] /foss/pdks/sky130A/libs.ref/sky130_fd_io/lib/slices_stubs.lib line 18, library slices_stubs already exists.
[STA-1173] /foss/pdks/sky130A/libs.ref/sky130_fd_io/lib/slices_stubs.lib line 33, default_fanout_load is 0.0.
[STA-1140] /foss/pdks/sky130A/libs.ref/sky130_fd_io/lib/sky130_ef_io__analog_stubs.lib line 18, library sky130_ef_io__analog_stubs already exists.
[STA-1173] /foss/pdks/sky130A/libs.ref/sky130_fd_io/lib/sky130_ef_io__analog_stubs.lib line 43, default_fanout_load is 0.0.
[STA-1140] /foss/pdks/sky130A/libs.ref/sky130_fd_sc_hd/lib/sky130_fd_sc_hd__ss_100C_1v60.lib line 1, library sky130_fd_sc_hd__ss_100C_1v60 already exists.
[STA-1140] /foss/pdks/sky130A/libs.ref/sky130_fd_io/lib/sky130_ef_io__vccd_lvc_clamped_pad_ss_100C_1v60_3v00_3v00.lib line 18, library sky130_ef_io__vccd_lvc_clamped_pad_ss_100C_1v60_3v00_3v00 already exists.
[STA-1173] /foss/pdks/sky130A/libs.ref/sky130_fd_io/lib/sky130_ef_io__vccd_lvc_clamped_pad_ss_100C_1v60_3v00_3v00.lib line 42, default_fanout_load is 0.0.
[STA-1140] /foss/pdks/sky130A/libs.ref/sky130_fd_io/lib/sky130_ef_io__vssd_lvc_clamped_pad_ss_100C_1v60_3v00.lib line 18, library sky130_ef_io__vssd_lvc_clamped_pad_ss_100C_1v60_3v00 already exists.
[STA-1173] /foss/pdks/sky130A/libs.ref/sky130_fd_io/lib/sky130_ef_io__vssd_lvc_clamped_pad_ss_100C_1v60_3v00.lib line 43, default_fanout_load is 0.0.
[STA-1140] /foss/pdks/sky130A/libs.ref/sky130_fd_io/lib/sky130_ef_io__vddio_hvc_clamped_pad_ss_100C_1v60_3v00_3v00.lib line 18, library sky130_ef_io__vddio_hvc_clamped_pad_ss_100C_1v60_3v00_3v00 already exists.
[STA-1173] /foss/pdks/sky130A/libs.ref/sky130_fd_io/lib/sky130_ef_io__vddio_hvc_clamped_pad_ss_100C_1v60_3v00_3v00.lib line 42, default_fanout_load is 0.0.
[STA-1140] /foss/pdks/sky130A/libs.ref/sky130_fd_io/lib/sky130_ef_io__vssio_hvc_clamped_pad_ss_100C_1v60_3v00_3v00.lib line 18, library sky130_ef_io__vssio_hvc_clamped_pad_ss_100C_1v60_3v00_3v00 already exists.
[STA-1173] /foss/pdks/sky130A/libs.ref/sky130_fd_io/lib/sky130_ef_io__vssio_hvc_clamped_pad_ss_100C_1v60_3v00_3v00.lib line 42, default_fanout_load is 0.0.
[STA-1140] /foss/pdks/sky130A/libs.ref/sky130_fd_io/lib/sky130_ef_io__gpiov2_pad_ss_ss_100C_1v60_3v00.lib line 18, library sky130_ef_io__gpiov2_pad_ss_ss_100C_1v60_3v00 already exists.
[STA-1173] /foss/pdks/sky130A/libs.ref/sky130_fd_io/lib/sky130_ef_io__gpiov2_pad_ss_ss_100C_1v60_3v00.lib line 33, default_fanout_load is 0.0.
[STA-1111] cell sky130_ef_io__gpiov2_pad_ss_ss_100C_1v60_3v00/sky130_ef_io__gpiov2_pad OUT -> PAD timing group combinational not found in cell sky130_ef_io__gpiov2_pad_tt_tt_025C_1v80_3v30/sky130_ef_io__gpiov2_pad.
[STA-1111] cell sky130_ef_io__gpiov2_pad_ss_ss_100C_1v60_3v00/sky130_ef_io__gpiov2_pad OUT -> PAD timing group combinational not found in cell sky130_ef_io__gpiov2_pad_tt_tt_025C_1v80_3v30/sky130_ef_io__gpiov2_pad.
[STA-1111] cell sky130_ef_io__gpiov2_pad_ss_ss_100C_1v60_3v00/sky130_ef_io__gpiov2_pad OUT -> PAD timing group combinational not found in cell sky130_ef_io__gpiov2_pad_tt_tt_025C_1v80_3v30/sky130_ef_io__gpiov2_pad.
[STA-1111] cell sky130_ef_io__gpiov2_pad_ss_ss_100C_1v60_3v00/sky130_ef_io__gpiov2_pad OUT -> PAD timing group combinational not found in cell sky130_ef_io__gpiov2_pad_tt_tt_025C_1v80_3v30/sky130_ef_io__gpiov2_pad.
[STA-1140] /foss/pdks/sky130A/libs.ref/sky130_fd_io/lib/slices_stubs.lib line 18, library slices_stubs already exists.
[STA-1173] /foss/pdks/sky130A/libs.ref/sky130_fd_io/lib/slices_stubs.lib line 33, default_fanout_load is 0.0.
[STA-1140] /foss/pdks/sky130A/libs.ref/sky130_fd_io/lib/sky130_ef_io__analog_stubs.lib line 18, library sky130_ef_io__analog_stubs already exists.
[STA-1173] /foss/pdks/sky130A/libs.ref/sky130_fd_io/lib/sky130_ef_io__analog_stubs.lib line 43, default_fanout_load is 0.0.
[STA-1140] /foss/pdks/sky130A/libs.ref/sky130_fd_sc_hd/lib/sky130_fd_sc_hd__ff_n40C_1v95.lib line 1, library sky130_fd_sc_hd__ff_n40C_1v95 already exists.
[STA-1140] /foss/pdks/sky130A/libs.ref/sky130_fd_io/lib/sky130_ef_io__vccd_lvc_clamped_pad_ff_n40C_1v95_5v50_5v50.lib line 18, library sky130_ef_io__vccd_lvc_clamped_pad_ff_n40C_1v95_5v50_5v50 already exists.
[STA-1173] /foss/pdks/sky130A/libs.ref/sky130_fd_io/lib/sky130_ef_io__vccd_lvc_clamped_pad_ff_n40C_1v95_5v50_5v50.lib line 42, default_fanout_load is 0.0.
[STA-1140] /foss/pdks/sky130A/libs.ref/sky130_fd_io/lib/sky130_ef_io__vssd_lvc_clamped_pad_ff_n40C_1v95_5v50.lib line 18, library sky130_ef_io__vssd_lvc_clamped_pad_ff_n40C_1v95_5v50 already exists.
[STA-1173] /foss/pdks/sky130A/libs.ref/sky130_fd_io/lib/sky130_ef_io__vssd_lvc_clamped_pad_ff_n40C_1v95_5v50.lib line 43, default_fanout_load is 0.0.
[STA-1140] /foss/pdks/sky130A/libs.ref/sky130_fd_io/lib/sky130_ef_io__vddio_hvc_clamped_pad_ff_n40C_1v95_5v50_5v50.lib line 18, library sky130_ef_io__vddio_hvc_clamped_pad_ff_n40C_1v95_5v50_5v50 already exists.
[STA-1173] /foss/pdks/sky130A/libs.ref/sky130_fd_io/lib/sky130_ef_io__vddio_hvc_clamped_pad_ff_n40C_1v95_5v50_5v50.lib line 42, default_fanout_load is 0.0.
[STA-1140] /foss/pdks/sky130A/libs.ref/sky130_fd_io/lib/sky130_ef_io__vssio_hvc_clamped_pad_ff_n40C_1v95_5v50_5v50.lib line 18, library sky130_ef_io__vssio_hvc_clamped_pad_ff_n40C_1v95_5v50_5v50 already exists.
[STA-1173] /foss/pdks/sky130A/libs.ref/sky130_fd_io/lib/sky130_ef_io__vssio_hvc_clamped_pad_ff_n40C_1v95_5v50_5v50.lib line 42, default_fanout_load is 0.0.
[STA-1140] /foss/pdks/sky130A/libs.ref/sky130_fd_io/lib/sky130_ef_io__gpiov2_pad_ff_ff_n40C_1v95_5v50.lib line 18, library sky130_ef_io__gpiov2_pad_ff_ff_n40C_1v95_5v50 already exists.
[STA-1173] /foss/pdks/sky130A/libs.ref/sky130_fd_io/lib/sky130_ef_io__gpiov2_pad_ff_ff_n40C_1v95_5v50.lib line 33, default_fanout_load is 0.0.
[STA-1140] /foss/pdks/sky130A/libs.ref/sky130_fd_io/lib/slices_stubs.lib line 18, library slices_stubs already exists.
[STA-1173] /foss/pdks/sky130A/libs.ref/sky130_fd_io/lib/slices_stubs.lib line 33, default_fanout_load is 0.0.
[STA-1140] /foss/pdks/sky130A/libs.ref/sky130_fd_io/lib/sky130_ef_io__analog_stubs.lib line 18, library sky130_ef_io__analog_stubs already exists.
[STA-1173] /foss/pdks/sky130A/libs.ref/sky130_fd_io/lib/sky130_ef_io__analog_stubs.lib line 43, default_fanout_load is 0.0.
[ORD-2056] The following 18 liberty cell(s) do not have LEF masters and will be marked as dont-use:
[RSZ-0020] found 2 floating nets.
Running 'Odb.ManualGlobalPlacement' at 'runs/RUN_2026-08-28_16-13-43/36-odb-manualglobalplacement'…
'MANUAL_GLOBAL_PLACEMENTS' not set. Skipping 'Odb.ManualGlobalPlacement'…
Running 'OpenROAD.DetailedPlacement' at 'runs/RUN_2026-08-28_16-13-43/37-openroad-detailedplacement'…
Logging subprocess to [repr.filename]'runs/RUN_2026-08-28_16-13-43/37-openroad-detailedplacement/openroad-detailedplacement.log'[/repr.filename]…
[STA-1173] /foss/pdks/sky130A/libs.ref/sky130_fd_io/lib/sky130_ef_io__vccd_lvc_clamped_pad_tt_025C_1v80_3v30_3v30.lib line 42, default_fanout_load is 0.0.
[STA-1173] /foss/pdks/sky130A/libs.ref/sky130_fd_io/lib/sky130_ef_io__vssd_lvc_clamped_pad_tt_025C_1v80_3v30.lib line 43, default_fanout_load is 0.0.
[STA-1173] /foss/pdks/sky130A/libs.ref/sky130_fd_io/lib/sky130_ef_io__vddio_hvc_clamped_pad_tt_025C_1v80_3v30_3v30.lib line 42, default_fanout_load is 0.0.
[STA-1173] /foss/pdks/sky130A/libs.ref/sky130_fd_io/lib/sky130_ef_io__vssio_hvc_clamped_pad_tt_025C_1v80_3v30_3v30.lib line 42, default_fanout_load is 0.0.
[STA-1173] /foss/pdks/sky130A/libs.ref/sky130_fd_io/lib/sky130_ef_io__gpiov2_pad_tt_tt_025C_1v80_3v30.lib line 33, default_fanout_load is 0.0.
[STA-1173] /foss/pdks/sky130A/libs.ref/sky130_fd_io/lib/slices_stubs.lib line 33, default_fanout_load is 0.0.
[STA-1173] /foss/pdks/sky130A/libs.ref/sky130_fd_io/lib/sky130_ef_io__analog_stubs.lib line 43, default_fanout_load is 0.0.
[ORD-2056] The following 2 liberty cell(s) do not have LEF masters and will be marked as dont-use:
Skipping step 'Clock Tree Synthesis'…
Skipping step 'STA (Mid-PnR)'…
Skipping step 'Resizer Timing Optimizations (Post-Clock Tree Synthesis)'…
Skipping step 'STA (Mid-PnR)'…
Skipping step 'Global Routing'…
Skipping step 'Check Antennas'…
Gating variable for step 'OpenROAD.RepairDesignPostGRT' set to 'False'- the step will be skipped.
Skipping step 'Repair Design (Post-Global Routing)'…
Skipping step 'Diodes on Ports'…
Gating variable for step 'Odb.HeuristicDiodeInsertion' set to 'False'- the step will be skipped.
Skipping step 'Heuristic Diode Insertion'…
Skipping step 'Antenna Repair'…
Gating variable for step 'OpenROAD.ResizerTimingPostGRT' set to 'False'- the step will be skipped.
Skipping step 'Resizer Timing Optimizations (Post-Global Routing)'…
Skipping step 'STA (Mid-PnR)'…
Skipping step 'Detailed Routing'…
Skipping step 'Remove Obstructions'…
Skipping step 'Check Antennas'…
Skipping step 'Routing DRC Checker'…
Skipping step 'Report Disconnected Pins'…
Skipping step 'Disconnected Pins Checker'…
Skipping step 'Report Wire Length'…
Skipping step 'Wire Length Threshold Checker'…
Skipping step 'Fill Insertion'…
Skipping step 'Generate Cell Frequency Tables'…
Skipping step 'Parasitics (RC) Extraction'…
Skipping step 'STA (Post-PnR)'…
Skipping step 'IR Drop Report'…
Skipping step 'GDSII Stream Out (Magic)'…
Skipping step 'GDSII Stream Out (KLayout)'…
Skipping step 'Render Image (w/ KLayout)'…
Skipping step 'Write LEF (Magic)'…
Skipping step 'Check Antenna Properties of Pins in The Generated Design LEF view'…
Skipping step 'KLayout vs. Magic XOR'…
Skipping step 'XOR Difference Checker'…
Skipping step 'DRC'…
Skipping step 'Design Rule Check (KLayout)'…
Skipping step 'Magic DRC Checker'…
Skipping step 'KLayout DRC Checker'…
Skipping step 'SPICE Extraction'…
Skipping step 'Illegal Overlap Checker'…
Skipping step 'Netgen LVS'…
Skipping step 'LVS Error Checker'…
Gating variable for step 'Yosys.EQY' set to 'False'- the step will be skipped.
Skipping step 'Equivalence Check'…
Skipping step 'Setup Timing Violations Checker'…
Skipping step 'Hold Timing Violations Checker'…
Skipping step 'Max Slew Violations Checker'…
Skipping step 'Max Cap Violations Checker'…
Skipping step 'Report Manufacturability'…
Saving views to '/foss/designs/Work_Area/GDS/runs/RUN_2026-08-28_16-13-43/final'…
Flow complete.
Starting…
Running 'OpenROAD.OpenGUI' at 'runs/RUN_2026-08-28_16-13-43/38-openroad-opengui'…
Logging subprocess to [repr.filename]'runs/RUN_2026-08-28_16-13-43/38-openroad-opengui/openroad-opengui.log'[/repr.filename]…
[STA-1173] /foss/pdks/sky130A/libs.ref/sky130_fd_io/lib/sky130_ef_io__vccd_lvc_clamped_pad_tt_025C_1v80_3v30_3v30.lib line 42, default_fanout_load is 0.0.
[STA-1173] /foss/pdks/sky130A/libs.ref/sky130_fd_io/lib/sky130_ef_io__vssd_lvc_clamped_pad_tt_025C_1v80_3v30.lib line 43, default_fanout_load is 0.0.
[STA-1173] /foss/pdks/sky130A/libs.ref/sky130_fd_io/lib/sky130_ef_io__vddio_hvc_clamped_pad_tt_025C_1v80_3v30_3v30.lib line 42, default_fanout_load is 0.0.
[STA-1173] /foss/pdks/sky130A/libs.ref/sky130_fd_io/lib/sky130_ef_io__vssio_hvc_clamped_pad_tt_025C_1v80_3v30_3v30.lib line 42, default_fanout_load is 0.0.
[STA-1173] /foss/pdks/sky130A/libs.ref/sky130_fd_io/lib/sky130_ef_io__gpiov2_pad_tt_tt_025C_1v80_3v30.lib line 33, default_fanout_load is 0.0.
[STA-1173] /foss/pdks/sky130A/libs.ref/sky130_fd_io/lib/slices_stubs.lib line 33, default_fanout_load is 0.0.
[STA-1173] /foss/pdks/sky130A/libs.ref/sky130_fd_io/lib/sky130_ef_io__analog_stubs.lib line 43, default_fanout_load is 0.0.
Saving views to '/foss/designs/Work_Area/GDS/runs/RUN_2026-08-28_16-13-43/final'…
Flow complete.
Starting…
Skipping step 'Verilator Lint'…
Skipping step 'Lint Timing Error Checker'…
Skipping step 'Lint Errors Checker'…
Skipping step 'Lint Warnings Checker'…
Skipping step 'Generate JSON Header'…
Skipping step 'Synthesis'…
Skipping step 'Unmapped Cells Checker'…
Skipping step 'Yosys Synth Checks'…
Skipping step 'Netlist Assign Statement Checker'…
Skipping step 'Check SDC Files'…
Skipping step 'Check Macro Instances'…
Skipping step 'STA (Pre-PnR)'…
Skipping step 'Floorplan Init'…
Skipping step 'Dump RC Values'…
Skipping step 'Check Antenna Properties of Macros Pins in Their LEF Views'…
Skipping step 'Set Power Connections'…
Skipping step 'Manual Macro Placement'…
Skipping step 'Cut Rows'…
Skipping step 'Tap/Decap Insertion'…
Skipping step 'Add PDN obstructions'…
Skipping step 'Generate PDN'…
Skipping step 'Remove PDN obstructions'…
Skipping step 'Add Obstructions'…
Skipping step 'Global Placement Skip IO'…
Skipping step 'I/O Placement'…
Skipping step 'Custom I/O Placement'…
Skipping step 'Apply DEF Template'…
Skipping step 'Global Placement'…
Skipping step 'Write Verilog Header'…
Skipping step 'Power Grid Violation Checker'…
Skipping step 'STA (Mid-PnR)'…
Skipping step 'Repair Design (Post-Global Placement)'…
Skipping step 'Manual Global Placement'…
Running 'OpenROAD.DetailedPlacement' at 'runs/RUN_2026-08-28_16-13-43/39-openroad-detailedplacement'…
Logging subprocess to [repr.filename]'runs/RUN_2026-08-28_16-13-43/39-openroad-detailedplacement/openroad-detailedplacement.log'[/repr.filename]…
[STA-1173] /foss/pdks/sky130A/libs.ref/sky130_fd_io/lib/sky130_ef_io__vccd_lvc_clamped_pad_tt_025C_1v80_3v30_3v30.lib line 42, default_fanout_load is 0.0.
[STA-1173] /foss/pdks/sky130A/libs.ref/sky130_fd_io/lib/sky130_ef_io__vssd_lvc_clamped_pad_tt_025C_1v80_3v30.lib line 43, default_fanout_load is 0.0.
[STA-1173] /foss/pdks/sky130A/libs.ref/sky130_fd_io/lib/sky130_ef_io__vddio_hvc_clamped_pad_tt_025C_1v80_3v30_3v30.lib line 42, default_fanout_load is 0.0.
[STA-1173] /foss/pdks/sky130A/libs.ref/sky130_fd_io/lib/sky130_ef_io__vssio_hvc_clamped_pad_tt_025C_1v80_3v30_3v30.lib line 42, default_fanout_load is 0.0.
[STA-1173] /foss/pdks/sky130A/libs.ref/sky130_fd_io/lib/sky130_ef_io__gpiov2_pad_tt_tt_025C_1v80_3v30.lib line 33, default_fanout_load is 0.0.
[STA-1173] /foss/pdks/sky130A/libs.ref/sky130_fd_io/lib/slices_stubs.lib line 33, default_fanout_load is 0.0.
[STA-1173] /foss/pdks/sky130A/libs.ref/sky130_fd_io/lib/sky130_ef_io__analog_stubs.lib line 43, default_fanout_load is 0.0.
[ORD-2056] The following 2 liberty cell(s) do not have LEF masters and will be marked as dont-use:
Running 'OpenROAD.CTS' at 'runs/RUN_2026-08-28_16-13-43/40-openroad-cts'…
Logging subprocess to [repr.filename]'runs/RUN_2026-08-28_16-13-43/40-openroad-cts/openroad-cts.log'[/repr.filename]…
[STA-1173] /foss/pdks/sky130A/libs.ref/sky130_fd_io/lib/sky130_ef_io__vccd_lvc_clamped_pad_tt_025C_1v80_3v30_3v30.lib line 42, default_fanout_load is 0.0.
[STA-1173] /foss/pdks/sky130A/libs.ref/sky130_fd_io/lib/sky130_ef_io__vssd_lvc_clamped_pad_tt_025C_1v80_3v30.lib line 43, default_fanout_load is 0.0.
[STA-1173] /foss/pdks/sky130A/libs.ref/sky130_fd_io/lib/sky130_ef_io__vddio_hvc_clamped_pad_tt_025C_1v80_3v30_3v30.lib line 42, default_fanout_load is 0.0.
[STA-1173] /foss/pdks/sky130A/libs.ref/sky130_fd_io/lib/sky130_ef_io__vssio_hvc_clamped_pad_tt_025C_1v80_3v30_3v30.lib line 42, default_fanout_load is 0.0.
[STA-1173] /foss/pdks/sky130A/libs.ref/sky130_fd_io/lib/sky130_ef_io__gpiov2_pad_tt_tt_025C_1v80_3v30.lib line 33, default_fanout_load is 0.0.
[STA-1173] /foss/pdks/sky130A/libs.ref/sky130_fd_io/lib/slices_stubs.lib line 33, default_fanout_load is 0.0.
[STA-1173] /foss/pdks/sky130A/libs.ref/sky130_fd_io/lib/sky130_ef_io__analog_stubs.lib line 43, default_fanout_load is 0.0.
[STA-1173] /foss/pdks/sky130A/libs.ref/sky130_fd_io/lib/sky130_ef_io__vccd_lvc_clamped_pad_ss_100C_1v60_3v00_3v00.lib line 42, default_fanout_load is 0.0.
[STA-1173] /foss/pdks/sky130A/libs.ref/sky130_fd_io/lib/sky130_ef_io__vssd_lvc_clamped_pad_ss_100C_1v60_3v00.lib line 43, default_fanout_load is 0.0.
[STA-1173] /foss/pdks/sky130A/libs.ref/sky130_fd_io/lib/sky130_ef_io__vddio_hvc_clamped_pad_ss_100C_1v60_3v00_3v00.lib line 42, default_fanout_load is 0.0.
[STA-1173] /foss/pdks/sky130A/libs.ref/sky130_fd_io/lib/sky130_ef_io__vssio_hvc_clamped_pad_ss_100C_1v60_3v00_3v00.lib line 42, default_fanout_load is 0.0.
[STA-1173] /foss/pdks/sky130A/libs.ref/sky130_fd_io/lib/sky130_ef_io__gpiov2_pad_ss_ss_100C_1v60_3v00.lib line 33, default_fanout_load is 0.0.
[STA-1111] cell sky130_ef_io__gpiov2_pad_ss_ss_100C_1v60_3v00/sky130_ef_io__gpiov2_pad OUT -> PAD timing group combinational not found in cell sky130_ef_io__gpiov2_pad_tt_tt_025C_1v80_3v30/sky130_ef_io__gpiov2_pad.
[STA-1111] cell sky130_ef_io__gpiov2_pad_ss_ss_100C_1v60_3v00/sky130_ef_io__gpiov2_pad OUT -> PAD timing group combinational not found in cell sky130_ef_io__gpiov2_pad_tt_tt_025C_1v80_3v30/sky130_ef_io__gpiov2_pad.
[STA-1111] cell sky130_ef_io__gpiov2_pad_ss_ss_100C_1v60_3v00/sky130_ef_io__gpiov2_pad OUT -> PAD timing group combinational not found in cell sky130_ef_io__gpiov2_pad_tt_tt_025C_1v80_3v30/sky130_ef_io__gpiov2_pad.
[STA-1111] cell sky130_ef_io__gpiov2_pad_ss_ss_100C_1v60_3v00/sky130_ef_io__gpiov2_pad OUT -> PAD timing group combinational not found in cell sky130_ef_io__gpiov2_pad_tt_tt_025C_1v80_3v30/sky130_ef_io__gpiov2_pad.
[STA-1140] /foss/pdks/sky130A/libs.ref/sky130_fd_io/lib/slices_stubs.lib line 18, library slices_stubs already exists.
[STA-1173] /foss/pdks/sky130A/libs.ref/sky130_fd_io/lib/slices_stubs.lib line 33, default_fanout_load is 0.0.
[STA-1140] /foss/pdks/sky130A/libs.ref/sky130_fd_io/lib/sky130_ef_io__analog_stubs.lib line 18, library sky130_ef_io__analog_stubs already exists.
[STA-1173] /foss/pdks/sky130A/libs.ref/sky130_fd_io/lib/sky130_ef_io__analog_stubs.lib line 43, default_fanout_load is 0.0.
[STA-1140] /foss/pdks/sky130A/libs.ref/sky130_fd_sc_hd/lib/sky130_fd_sc_hd__tt_025C_1v80.lib line 1, library sky130_fd_sc_hd__tt_025C_1v80 already exists.
[STA-1140] /foss/pdks/sky130A/libs.ref/sky130_fd_io/lib/sky130_ef_io__vccd_lvc_clamped_pad_tt_025C_1v80_3v30_3v30.lib line 18, library sky130_ef_io__vccd_lvc_clamped_pad_tt_025C_1v80_3v30_3v30 already exists.
[STA-1173] /foss/pdks/sky130A/libs.ref/sky130_fd_io/lib/sky130_ef_io__vccd_lvc_clamped_pad_tt_025C_1v80_3v30_3v30.lib line 42, default_fanout_load is 0.0.
[STA-1140] /foss/pdks/sky130A/libs.ref/sky130_fd_io/lib/sky130_ef_io__vssd_lvc_clamped_pad_tt_025C_1v80_3v30.lib line 18, library sky130_ef_io__vssd_lvc_clamped_pad_tt_025C_1v80_3v30 already exists.
[STA-1173] /foss/pdks/sky130A/libs.ref/sky130_fd_io/lib/sky130_ef_io__vssd_lvc_clamped_pad_tt_025C_1v80_3v30.lib line 43, default_fanout_load is 0.0.
[STA-1140] /foss/pdks/sky130A/libs.ref/sky130_fd_io/lib/sky130_ef_io__vddio_hvc_clamped_pad_tt_025C_1v80_3v30_3v30.lib line 18, library sky130_ef_io__vddio_hvc_clamped_pad_tt_025C_1v80_3v30_3v30 already exists.
[STA-1173] /foss/pdks/sky130A/libs.ref/sky130_fd_io/lib/sky130_ef_io__vddio_hvc_clamped_pad_tt_025C_1v80_3v30_3v30.lib line 42, default_fanout_load is 0.0.
[STA-1140] /foss/pdks/sky130A/libs.ref/sky130_fd_io/lib/sky130_ef_io__vssio_hvc_clamped_pad_tt_025C_1v80_3v30_3v30.lib line 18, library sky130_ef_io__vssio_hvc_clamped_pad_tt_025C_1v80_3v30_3v30 already exists.
[STA-1173] /foss/pdks/sky130A/libs.ref/sky130_fd_io/lib/sky130_ef_io__vssio_hvc_clamped_pad_tt_025C_1v80_3v30_3v30.lib line 42, default_fanout_load is 0.0.
[STA-1140] /foss/pdks/sky130A/libs.ref/sky130_fd_io/lib/sky130_ef_io__gpiov2_pad_tt_tt_025C_1v80_3v30.lib line 18, library sky130_ef_io__gpiov2_pad_tt_tt_025C_1v80_3v30 already exists.
[STA-1173] /foss/pdks/sky130A/libs.ref/sky130_fd_io/lib/sky130_ef_io__gpiov2_pad_tt_tt_025C_1v80_3v30.lib line 33, default_fanout_load is 0.0.
[STA-1140] /foss/pdks/sky130A/libs.ref/sky130_fd_io/lib/slices_stubs.lib line 18, library slices_stubs already exists.
[STA-1173] /foss/pdks/sky130A/libs.ref/sky130_fd_io/lib/slices_stubs.lib line 33, default_fanout_load is 0.0.
[STA-1140] /foss/pdks/sky130A/libs.ref/sky130_fd_io/lib/sky130_ef_io__analog_stubs.lib line 18, library sky130_ef_io__analog_stubs already exists.
[STA-1173] /foss/pdks/sky130A/libs.ref/sky130_fd_io/lib/sky130_ef_io__analog_stubs.lib line 43, default_fanout_load is 0.0.
[STA-1173] /foss/pdks/sky130A/libs.ref/sky130_fd_io/lib/sky130_ef_io__vccd_lvc_clamped_pad_ff_n40C_1v95_5v50_5v50.lib line 42, default_fanout_load is 0.0.
[STA-1173] /foss/pdks/sky130A/libs.ref/sky130_fd_io/lib/sky130_ef_io__vssd_lvc_clamped_pad_ff_n40C_1v95_5v50.lib line 43, default_fanout_load is 0.0.
[STA-1173] /foss/pdks/sky130A/libs.ref/sky130_fd_io/lib/sky130_ef_io__vddio_hvc_clamped_pad_ff_n40C_1v95_5v50_5v50.lib line 42, default_fanout_load is 0.0.
[STA-1173] /foss/pdks/sky130A/libs.ref/sky130_fd_io/lib/sky130_ef_io__vssio_hvc_clamped_pad_ff_n40C_1v95_5v50_5v50.lib line 42, default_fanout_load is 0.0.
[STA-1173] /foss/pdks/sky130A/libs.ref/sky130_fd_io/lib/sky130_ef_io__gpiov2_pad_ff_ff_n40C_1v95_5v50.lib line 33, default_fanout_load is 0.0.
[STA-1140] /foss/pdks/sky130A/libs.ref/sky130_fd_io/lib/slices_stubs.lib line 18, library slices_stubs already exists.
[STA-1173] /foss/pdks/sky130A/libs.ref/sky130_fd_io/lib/slices_stubs.lib line 33, default_fanout_load is 0.0.
[STA-1140] /foss/pdks/sky130A/libs.ref/sky130_fd_io/lib/sky130_ef_io__analog_stubs.lib line 18, library sky130_ef_io__analog_stubs already exists.
[STA-1173] /foss/pdks/sky130A/libs.ref/sky130_fd_io/lib/sky130_ef_io__analog_stubs.lib line 43, default_fanout_load is 0.0.
[STA-1140] /foss/pdks/sky130A/libs.ref/sky130_fd_sc_hd/lib/sky130_fd_sc_hd__ff_n40C_1v95.lib line 1, library sky130_fd_sc_hd__ff_n40C_1v95 already exists.
[STA-1140] /foss/pdks/sky130A/libs.ref/sky130_fd_io/lib/sky130_ef_io__vccd_lvc_clamped_pad_ff_n40C_1v95_5v50_5v50.lib line 18, library sky130_ef_io__vccd_lvc_clamped_pad_ff_n40C_1v95_5v50_5v50 already exists.
[STA-1173] /foss/pdks/sky130A/libs.ref/sky130_fd_io/lib/sky130_ef_io__vccd_lvc_clamped_pad_ff_n40C_1v95_5v50_5v50.lib line 42, default_fanout_load is 0.0.
[STA-1140] /foss/pdks/sky130A/libs.ref/sky130_fd_io/lib/sky130_ef_io__vssd_lvc_clamped_pad_ff_n40C_1v95_5v50.lib line 18, library sky130_ef_io__vssd_lvc_clamped_pad_ff_n40C_1v95_5v50 already exists.
[STA-1173] /foss/pdks/sky130A/libs.ref/sky130_fd_io/lib/sky130_ef_io__vssd_lvc_clamped_pad_ff_n40C_1v95_5v50.lib line 43, default_fanout_load is 0.0.
[STA-1140] /foss/pdks/sky130A/libs.ref/sky130_fd_io/lib/sky130_ef_io__vddio_hvc_clamped_pad_ff_n40C_1v95_5v50_5v50.lib line 18, library sky130_ef_io__vddio_hvc_clamped_pad_ff_n40C_1v95_5v50_5v50 already exists.
[STA-1173] /foss/pdks/sky130A/libs.ref/sky130_fd_io/lib/sky130_ef_io__vddio_hvc_clamped_pad_ff_n40C_1v95_5v50_5v50.lib line 42, default_fanout_load is 0.0.
[STA-1140] /foss/pdks/sky130A/libs.ref/sky130_fd_io/lib/sky130_ef_io__vssio_hvc_clamped_pad_ff_n40C_1v95_5v50_5v50.lib line 18, library sky130_ef_io__vssio_hvc_clamped_pad_ff_n40C_1v95_5v50_5v50 already exists.
[STA-1173] /foss/pdks/sky130A/libs.ref/sky130_fd_io/lib/sky130_ef_io__vssio_hvc_clamped_pad_ff_n40C_1v95_5v50_5v50.lib line 42, default_fanout_load is 0.0.
[STA-1140] /foss/pdks/sky130A/libs.ref/sky130_fd_io/lib/sky130_ef_io__gpiov2_pad_ff_ff_n40C_1v95_5v50.lib line 18, library sky130_ef_io__gpiov2_pad_ff_ff_n40C_1v95_5v50 already exists.
[STA-1173] /foss/pdks/sky130A/libs.ref/sky130_fd_io/lib/sky130_ef_io__gpiov2_pad_ff_ff_n40C_1v95_5v50.lib line 33, default_fanout_load is 0.0.
[STA-1140] /foss/pdks/sky130A/libs.ref/sky130_fd_io/lib/slices_stubs.lib line 18, library slices_stubs already exists.
[STA-1173] /foss/pdks/sky130A/libs.ref/sky130_fd_io/lib/slices_stubs.lib line 33, default_fanout_load is 0.0.
[STA-1140] /foss/pdks/sky130A/libs.ref/sky130_fd_io/lib/sky130_ef_io__analog_stubs.lib line 18, library sky130_ef_io__analog_stubs already exists.
[STA-1173] /foss/pdks/sky130A/libs.ref/sky130_fd_io/lib/sky130_ef_io__analog_stubs.lib line 43, default_fanout_load is 0.0.
[STA-1140] /foss/pdks/sky130A/libs.ref/sky130_fd_sc_hd/lib/sky130_fd_sc_hd__ss_100C_1v60.lib line 1, library sky130_fd_sc_hd__ss_100C_1v60 already exists.
[STA-1140] /foss/pdks/sky130A/libs.ref/sky130_fd_io/lib/sky130_ef_io__vccd_lvc_clamped_pad_ss_100C_1v60_3v00_3v00.lib line 18, library sky130_ef_io__vccd_lvc_clamped_pad_ss_100C_1v60_3v00_3v00 already exists.
[STA-1173] /foss/pdks/sky130A/libs.ref/sky130_fd_io/lib/sky130_ef_io__vccd_lvc_clamped_pad_ss_100C_1v60_3v00_3v00.lib line 42, default_fanout_load is 0.0.
[STA-1140] /foss/pdks/sky130A/libs.ref/sky130_fd_io/lib/sky130_ef_io__vssd_lvc_clamped_pad_ss_100C_1v60_3v00.lib line 18, library sky130_ef_io__vssd_lvc_clamped_pad_ss_100C_1v60_3v00 already exists.
[STA-1173] /foss/pdks/sky130A/libs.ref/sky130_fd_io/lib/sky130_ef_io__vssd_lvc_clamped_pad_ss_100C_1v60_3v00.lib line 43, default_fanout_load is 0.0.
[STA-1140] /foss/pdks/sky130A/libs.ref/sky130_fd_io/lib/sky130_ef_io__vddio_hvc_clamped_pad_ss_100C_1v60_3v00_3v00.lib line 18, library sky130_ef_io__vddio_hvc_clamped_pad_ss_100C_1v60_3v00_3v00 already exists.
[STA-1173] /foss/pdks/sky130A/libs.ref/sky130_fd_io/lib/sky130_ef_io__vddio_hvc_clamped_pad_ss_100C_1v60_3v00_3v00.lib line 42, default_fanout_load is 0.0.
[STA-1140] /foss/pdks/sky130A/libs.ref/sky130_fd_io/lib/sky130_ef_io__vssio_hvc_clamped_pad_ss_100C_1v60_3v00_3v00.lib line 18, library sky130_ef_io__vssio_hvc_clamped_pad_ss_100C_1v60_3v00_3v00 already exists.
[STA-1173] /foss/pdks/sky130A/libs.ref/sky130_fd_io/lib/sky130_ef_io__vssio_hvc_clamped_pad_ss_100C_1v60_3v00_3v00.lib line 42, default_fanout_load is 0.0.
[STA-1140] /foss/pdks/sky130A/libs.ref/sky130_fd_io/lib/sky130_ef_io__gpiov2_pad_ss_ss_100C_1v60_3v00.lib line 18, library sky130_ef_io__gpiov2_pad_ss_ss_100C_1v60_3v00 already exists.
[STA-1173] /foss/pdks/sky130A/libs.ref/sky130_fd_io/lib/sky130_ef_io__gpiov2_pad_ss_ss_100C_1v60_3v00.lib line 33, default_fanout_load is 0.0.
[STA-1111] cell sky130_ef_io__gpiov2_pad_ss_ss_100C_1v60_3v00/sky130_ef_io__gpiov2_pad OUT -> PAD timing group combinational not found in cell sky130_ef_io__gpiov2_pad_tt_tt_025C_1v80_3v30/sky130_ef_io__gpiov2_pad.
[STA-1111] cell sky130_ef_io__gpiov2_pad_ss_ss_100C_1v60_3v00/sky130_ef_io__gpiov2_pad OUT -> PAD timing group combinational not found in cell sky130_ef_io__gpiov2_pad_tt_tt_025C_1v80_3v30/sky130_ef_io__gpiov2_pad.
[STA-1111] cell sky130_ef_io__gpiov2_pad_ss_ss_100C_1v60_3v00/sky130_ef_io__gpiov2_pad OUT -> PAD timing group combinational not found in cell sky130_ef_io__gpiov2_pad_tt_tt_025C_1v80_3v30/sky130_ef_io__gpiov2_pad.
[STA-1111] cell sky130_ef_io__gpiov2_pad_ss_ss_100C_1v60_3v00/sky130_ef_io__gpiov2_pad OUT -> PAD timing group combinational not found in cell sky130_ef_io__gpiov2_pad_tt_tt_025C_1v80_3v30/sky130_ef_io__gpiov2_pad.
[STA-1140] /foss/pdks/sky130A/libs.ref/sky130_fd_io/lib/slices_stubs.lib line 18, library slices_stubs already exists.
[STA-1173] /foss/pdks/sky130A/libs.ref/sky130_fd_io/lib/slices_stubs.lib line 33, default_fanout_load is 0.0.
[STA-1140] /foss/pdks/sky130A/libs.ref/sky130_fd_io/lib/sky130_ef_io__analog_stubs.lib line 18, library sky130_ef_io__analog_stubs already exists.
[STA-1173] /foss/pdks/sky130A/libs.ref/sky130_fd_io/lib/sky130_ef_io__analog_stubs.lib line 43, default_fanout_load is 0.0.
[STA-1140] /foss/pdks/sky130A/libs.ref/sky130_fd_sc_hd/lib/sky130_fd_sc_hd__tt_025C_1v80.lib line 1, library sky130_fd_sc_hd__tt_025C_1v80 already exists.
[STA-1140] /foss/pdks/sky130A/libs.ref/sky130_fd_io/lib/sky130_ef_io__vccd_lvc_clamped_pad_tt_025C_1v80_3v30_3v30.lib line 18, library sky130_ef_io__vccd_lvc_clamped_pad_tt_025C_1v80_3v30_3v30 already exists.
[STA-1173] /foss/pdks/sky130A/libs.ref/sky130_fd_io/lib/sky130_ef_io__vccd_lvc_clamped_pad_tt_025C_1v80_3v30_3v30.lib line 42, default_fanout_load is 0.0.
[STA-1140] /foss/pdks/sky130A/libs.ref/sky130_fd_io/lib/sky130_ef_io__vssd_lvc_clamped_pad_tt_025C_1v80_3v30.lib line 18, library sky130_ef_io__vssd_lvc_clamped_pad_tt_025C_1v80_3v30 already exists.
[STA-1173] /foss/pdks/sky130A/libs.ref/sky130_fd_io/lib/sky130_ef_io__vssd_lvc_clamped_pad_tt_025C_1v80_3v30.lib line 43, default_fanout_load is 0.0.
[STA-1140] /foss/pdks/sky130A/libs.ref/sky130_fd_io/lib/sky130_ef_io__vddio_hvc_clamped_pad_tt_025C_1v80_3v30_3v30.lib line 18, library sky130_ef_io__vddio_hvc_clamped_pad_tt_025C_1v80_3v30_3v30 already exists.
[STA-1173] /foss/pdks/sky130A/libs.ref/sky130_fd_io/lib/sky130_ef_io__vddio_hvc_clamped_pad_tt_025C_1v80_3v30_3v30.lib line 42, default_fanout_load is 0.0.
[STA-1140] /foss/pdks/sky130A/libs.ref/sky130_fd_io/lib/sky130_ef_io__vssio_hvc_clamped_pad_tt_025C_1v80_3v30_3v30.lib line 18, library sky130_ef_io__vssio_hvc_clamped_pad_tt_025C_1v80_3v30_3v30 already exists.
[STA-1173] /foss/pdks/sky130A/libs.ref/sky130_fd_io/lib/sky130_ef_io__vssio_hvc_clamped_pad_tt_025C_1v80_3v30_3v30.lib line 42, default_fanout_load is 0.0.
[STA-1140] /foss/pdks/sky130A/libs.ref/sky130_fd_io/lib/sky130_ef_io__gpiov2_pad_tt_tt_025C_1v80_3v30.lib line 18, library sky130_ef_io__gpiov2_pad_tt_tt_025C_1v80_3v30 already exists.
[STA-1173] /foss/pdks/sky130A/libs.ref/sky130_fd_io/lib/sky130_ef_io__gpiov2_pad_tt_tt_025C_1v80_3v30.lib line 33, default_fanout_load is 0.0.
[STA-1140] /foss/pdks/sky130A/libs.ref/sky130_fd_io/lib/slices_stubs.lib line 18, library slices_stubs already exists.
[STA-1173] /foss/pdks/sky130A/libs.ref/sky130_fd_io/lib/slices_stubs.lib line 33, default_fanout_load is 0.0.
[STA-1140] /foss/pdks/sky130A/libs.ref/sky130_fd_io/lib/sky130_ef_io__analog_stubs.lib line 18, library sky130_ef_io__analog_stubs already exists.
[STA-1173] /foss/pdks/sky130A/libs.ref/sky130_fd_io/lib/sky130_ef_io__analog_stubs.lib line 43, default_fanout_load is 0.0.
[STA-1140] /foss/pdks/sky130A/libs.ref/sky130_fd_sc_hd/lib/sky130_fd_sc_hd__ss_100C_1v60.lib line 1, library sky130_fd_sc_hd__ss_100C_1v60 already exists.
[STA-1140] /foss/pdks/sky130A/libs.ref/sky130_fd_io/lib/sky130_ef_io__vccd_lvc_clamped_pad_ss_100C_1v60_3v00_3v00.lib line 18, library sky130_ef_io__vccd_lvc_clamped_pad_ss_100C_1v60_3v00_3v00 already exists.
[STA-1173] /foss/pdks/sky130A/libs.ref/sky130_fd_io/lib/sky130_ef_io__vccd_lvc_clamped_pad_ss_100C_1v60_3v00_3v00.lib line 42, default_fanout_load is 0.0.
[STA-1140] /foss/pdks/sky130A/libs.ref/sky130_fd_io/lib/sky130_ef_io__vssd_lvc_clamped_pad_ss_100C_1v60_3v00.lib line 18, library sky130_ef_io__vssd_lvc_clamped_pad_ss_100C_1v60_3v00 already exists.
[STA-1173] /foss/pdks/sky130A/libs.ref/sky130_fd_io/lib/sky130_ef_io__vssd_lvc_clamped_pad_ss_100C_1v60_3v00.lib line 43, default_fanout_load is 0.0.
[STA-1140] /foss/pdks/sky130A/libs.ref/sky130_fd_io/lib/sky130_ef_io__vddio_hvc_clamped_pad_ss_100C_1v60_3v00_3v00.lib line 18, library sky130_ef_io__vddio_hvc_clamped_pad_ss_100C_1v60_3v00_3v00 already exists.
[STA-1173] /foss/pdks/sky130A/libs.ref/sky130_fd_io/lib/sky130_ef_io__vddio_hvc_clamped_pad_ss_100C_1v60_3v00_3v00.lib line 42, default_fanout_load is 0.0.
[STA-1140] /foss/pdks/sky130A/libs.ref/sky130_fd_io/lib/sky130_ef_io__vssio_hvc_clamped_pad_ss_100C_1v60_3v00_3v00.lib line 18, library sky130_ef_io__vssio_hvc_clamped_pad_ss_100C_1v60_3v00_3v00 already exists.
[STA-1173] /foss/pdks/sky130A/libs.ref/sky130_fd_io/lib/sky130_ef_io__vssio_hvc_clamped_pad_ss_100C_1v60_3v00_3v00.lib line 42, default_fanout_load is 0.0.
[STA-1140] /foss/pdks/sky130A/libs.ref/sky130_fd_io/lib/sky130_ef_io__gpiov2_pad_ss_ss_100C_1v60_3v00.lib line 18, library sky130_ef_io__gpiov2_pad_ss_ss_100C_1v60_3v00 already exists.
[STA-1173] /foss/pdks/sky130A/libs.ref/sky130_fd_io/lib/sky130_ef_io__gpiov2_pad_ss_ss_100C_1v60_3v00.lib line 33, default_fanout_load is 0.0.
[STA-1111] cell sky130_ef_io__gpiov2_pad_ss_ss_100C_1v60_3v00/sky130_ef_io__gpiov2_pad OUT -> PAD timing group combinational not found in cell sky130_ef_io__gpiov2_pad_tt_tt_025C_1v80_3v30/sky130_ef_io__gpiov2_pad.
[STA-1111] cell sky130_ef_io__gpiov2_pad_ss_ss_100C_1v60_3v00/sky130_ef_io__gpiov2_pad OUT -> PAD timing group combinational not found in cell sky130_ef_io__gpiov2_pad_tt_tt_025C_1v80_3v30/sky130_ef_io__gpiov2_pad.
[STA-1111] cell sky130_ef_io__gpiov2_pad_ss_ss_100C_1v60_3v00/sky130_ef_io__gpiov2_pad OUT -> PAD timing group combinational not found in cell sky130_ef_io__gpiov2_pad_tt_tt_025C_1v80_3v30/sky130_ef_io__gpiov2_pad.
[STA-1111] cell sky130_ef_io__gpiov2_pad_ss_ss_100C_1v60_3v00/sky130_ef_io__gpiov2_pad OUT -> PAD timing group combinational not found in cell sky130_ef_io__gpiov2_pad_tt_tt_025C_1v80_3v30/sky130_ef_io__gpiov2_pad.
[STA-1140] /foss/pdks/sky130A/libs.ref/sky130_fd_io/lib/slices_stubs.lib line 18, library slices_stubs already exists.
[STA-1173] /foss/pdks/sky130A/libs.ref/sky130_fd_io/lib/slices_stubs.lib line 33, default_fanout_load is 0.0.
[STA-1140] /foss/pdks/sky130A/libs.ref/sky130_fd_io/lib/sky130_ef_io__analog_stubs.lib line 18, library sky130_ef_io__analog_stubs already exists.
[STA-1173] /foss/pdks/sky130A/libs.ref/sky130_fd_io/lib/sky130_ef_io__analog_stubs.lib line 43, default_fanout_load is 0.0.
[STA-1140] /foss/pdks/sky130A/libs.ref/sky130_fd_sc_hd/lib/sky130_fd_sc_hd__ff_n40C_1v95.lib line 1, library sky130_fd_sc_hd__ff_n40C_1v95 already exists.
[STA-1140] /foss/pdks/sky130A/libs.ref/sky130_fd_io/lib/sky130_ef_io__vccd_lvc_clamped_pad_ff_n40C_1v95_5v50_5v50.lib line 18, library sky130_ef_io__vccd_lvc_clamped_pad_ff_n40C_1v95_5v50_5v50 already exists.
[STA-1173] /foss/pdks/sky130A/libs.ref/sky130_fd_io/lib/sky130_ef_io__vccd_lvc_clamped_pad_ff_n40C_1v95_5v50_5v50.lib line 42, default_fanout_load is 0.0.
[STA-1140] /foss/pdks/sky130A/libs.ref/sky130_fd_io/lib/sky130_ef_io__vssd_lvc_clamped_pad_ff_n40C_1v95_5v50.lib line 18, library sky130_ef_io__vssd_lvc_clamped_pad_ff_n40C_1v95_5v50 already exists.
[STA-1173] /foss/pdks/sky130A/libs.ref/sky130_fd_io/lib/sky130_ef_io__vssd_lvc_clamped_pad_ff_n40C_1v95_5v50.lib line 43, default_fanout_load is 0.0.
[STA-1140] /foss/pdks/sky130A/libs.ref/sky130_fd_io/lib/sky130_ef_io__vddio_hvc_clamped_pad_ff_n40C_1v95_5v50_5v50.lib line 18, library sky130_ef_io__vddio_hvc_clamped_pad_ff_n40C_1v95_5v50_5v50 already exists.
[STA-1173] /foss/pdks/sky130A/libs.ref/sky130_fd_io/lib/sky130_ef_io__vddio_hvc_clamped_pad_ff_n40C_1v95_5v50_5v50.lib line 42, default_fanout_load is 0.0.
[STA-1140] /foss/pdks/sky130A/libs.ref/sky130_fd_io/lib/sky130_ef_io__vssio_hvc_clamped_pad_ff_n40C_1v95_5v50_5v50.lib line 18, library sky130_ef_io__vssio_hvc_clamped_pad_ff_n40C_1v95_5v50_5v50 already exists.
[STA-1173] /foss/pdks/sky130A/libs.ref/sky130_fd_io/lib/sky130_ef_io__vssio_hvc_clamped_pad_ff_n40C_1v95_5v50_5v50.lib line 42, default_fanout_load is 0.0.
[STA-1140] /foss/pdks/sky130A/libs.ref/sky130_fd_io/lib/sky130_ef_io__gpiov2_pad_ff_ff_n40C_1v95_5v50.lib line 18, library sky130_ef_io__gpiov2_pad_ff_ff_n40C_1v95_5v50 already exists.
[STA-1173] /foss/pdks/sky130A/libs.ref/sky130_fd_io/lib/sky130_ef_io__gpiov2_pad_ff_ff_n40C_1v95_5v50.lib line 33, default_fanout_load is 0.0.
[STA-1140] /foss/pdks/sky130A/libs.ref/sky130_fd_io/lib/slices_stubs.lib line 18, library slices_stubs already exists.
[STA-1173] /foss/pdks/sky130A/libs.ref/sky130_fd_io/lib/slices_stubs.lib line 33, default_fanout_load is 0.0.
[STA-1140] /foss/pdks/sky130A/libs.ref/sky130_fd_io/lib/sky130_ef_io__analog_stubs.lib line 18, library sky130_ef_io__analog_stubs already exists.
[STA-1173] /foss/pdks/sky130A/libs.ref/sky130_fd_io/lib/sky130_ef_io__analog_stubs.lib line 43, default_fanout_load is 0.0.
[ORD-2056] The following 18 liberty cell(s) do not have LEF masters and will be marked as dont-use:
Running 'OpenROAD.STAMidPNR-1' at 'runs/RUN_2026-08-28_16-13-43/41-openroad-stamidpnr-1'…
Logging subprocess to [repr.filename]'runs/RUN_2026-08-28_16-13-43/41-openroad-stamidpnr-1/openroad-stamidpnr-1.log'[/repr.filename]…
[STA-1173] /foss/pdks/sky130A/libs.ref/sky130_fd_io/lib/sky130_ef_io__vccd_lvc_clamped_pad_tt_025C_1v80_3v30_3v30.lib line 42, default_fanout_load is 0.0.
[STA-1173] /foss/pdks/sky130A/libs.ref/sky130_fd_io/lib/sky130_ef_io__vssd_lvc_clamped_pad_tt_025C_1v80_3v30.lib line 43, default_fanout_load is 0.0.
[STA-1173] /foss/pdks/sky130A/libs.ref/sky130_fd_io/lib/sky130_ef_io__vddio_hvc_clamped_pad_tt_025C_1v80_3v30_3v30.lib line 42, default_fanout_load is 0.0.
[STA-1173] /foss/pdks/sky130A/libs.ref/sky130_fd_io/lib/sky130_ef_io__vssio_hvc_clamped_pad_tt_025C_1v80_3v30_3v30.lib line 42, default_fanout_load is 0.0.
[STA-1173] /foss/pdks/sky130A/libs.ref/sky130_fd_io/lib/sky130_ef_io__gpiov2_pad_tt_tt_025C_1v80_3v30.lib line 33, default_fanout_load is 0.0.
[STA-1173] /foss/pdks/sky130A/libs.ref/sky130_fd_io/lib/slices_stubs.lib line 33, default_fanout_load is 0.0.
[STA-1173] /foss/pdks/sky130A/libs.ref/sky130_fd_io/lib/sky130_ef_io__analog_stubs.lib line 43, default_fanout_load is 0.0.
[ORD-2056] The following 2 liberty cell(s) do not have LEF masters and will be marked as dont-use:
Running 'OpenROAD.ResizerTimingPostCTS' at 'runs/RUN_2026-08-28_16-13-43/42-openroad-resizertimingpostcts'…
Logging subprocess to [repr.filename]'runs/RUN_2026-08-28_16-13-43/42-openroad-resizertimingpostcts/openroad-resizertimingpostcts.log'[/repr.filename]…
[STA-1173] /foss/pdks/sky130A/libs.ref/sky130_fd_io/lib/sky130_ef_io__vccd_lvc_clamped_pad_tt_025C_1v80_3v30_3v30.lib line 42, default_fanout_load is 0.0.
[STA-1173] /foss/pdks/sky130A/libs.ref/sky130_fd_io/lib/sky130_ef_io__vssd_lvc_clamped_pad_tt_025C_1v80_3v30.lib line 43, default_fanout_load is 0.0.
[STA-1173] /foss/pdks/sky130A/libs.ref/sky130_fd_io/lib/sky130_ef_io__vddio_hvc_clamped_pad_tt_025C_1v80_3v30_3v30.lib line 42, default_fanout_load is 0.0.
[STA-1173] /foss/pdks/sky130A/libs.ref/sky130_fd_io/lib/sky130_ef_io__vssio_hvc_clamped_pad_tt_025C_1v80_3v30_3v30.lib line 42, default_fanout_load is 0.0.
[STA-1173] /foss/pdks/sky130A/libs.ref/sky130_fd_io/lib/sky130_ef_io__gpiov2_pad_tt_tt_025C_1v80_3v30.lib line 33, default_fanout_load is 0.0.
[STA-1173] /foss/pdks/sky130A/libs.ref/sky130_fd_io/lib/slices_stubs.lib line 33, default_fanout_load is 0.0.
[STA-1173] /foss/pdks/sky130A/libs.ref/sky130_fd_io/lib/sky130_ef_io__analog_stubs.lib line 43, default_fanout_load is 0.0.
[STA-1173] /foss/pdks/sky130A/libs.ref/sky130_fd_io/lib/sky130_ef_io__vccd_lvc_clamped_pad_ss_100C_1v60_3v00_3v00.lib line 42, default_fanout_load is 0.0.
[STA-1173] /foss/pdks/sky130A/libs.ref/sky130_fd_io/lib/sky130_ef_io__vssd_lvc_clamped_pad_ss_100C_1v60_3v00.lib line 43, default_fanout_load is 0.0.
[STA-1173] /foss/pdks/sky130A/libs.ref/sky130_fd_io/lib/sky130_ef_io__vddio_hvc_clamped_pad_ss_100C_1v60_3v00_3v00.lib line 42, default_fanout_load is 0.0.
[STA-1173] /foss/pdks/sky130A/libs.ref/sky130_fd_io/lib/sky130_ef_io__vssio_hvc_clamped_pad_ss_100C_1v60_3v00_3v00.lib line 42, default_fanout_load is 0.0.
[STA-1173] /foss/pdks/sky130A/libs.ref/sky130_fd_io/lib/sky130_ef_io__gpiov2_pad_ss_ss_100C_1v60_3v00.lib line 33, default_fanout_load is 0.0.
[STA-1111] cell sky130_ef_io__gpiov2_pad_ss_ss_100C_1v60_3v00/sky130_ef_io__gpiov2_pad OUT -> PAD timing group combinational not found in cell sky130_ef_io__gpiov2_pad_tt_tt_025C_1v80_3v30/sky130_ef_io__gpiov2_pad.
[STA-1111] cell sky130_ef_io__gpiov2_pad_ss_ss_100C_1v60_3v00/sky130_ef_io__gpiov2_pad OUT -> PAD timing group combinational not found in cell sky130_ef_io__gpiov2_pad_tt_tt_025C_1v80_3v30/sky130_ef_io__gpiov2_pad.
[STA-1111] cell sky130_ef_io__gpiov2_pad_ss_ss_100C_1v60_3v00/sky130_ef_io__gpiov2_pad OUT -> PAD timing group combinational not found in cell sky130_ef_io__gpiov2_pad_tt_tt_025C_1v80_3v30/sky130_ef_io__gpiov2_pad.
[STA-1111] cell sky130_ef_io__gpiov2_pad_ss_ss_100C_1v60_3v00/sky130_ef_io__gpiov2_pad OUT -> PAD timing group combinational not found in cell sky130_ef_io__gpiov2_pad_tt_tt_025C_1v80_3v30/sky130_ef_io__gpiov2_pad.
[STA-1140] /foss/pdks/sky130A/libs.ref/sky130_fd_io/lib/slices_stubs.lib line 18, library slices_stubs already exists.
[STA-1173] /foss/pdks/sky130A/libs.ref/sky130_fd_io/lib/slices_stubs.lib line 33, default_fanout_load is 0.0.
[STA-1140] /foss/pdks/sky130A/libs.ref/sky130_fd_io/lib/sky130_ef_io__analog_stubs.lib line 18, library sky130_ef_io__analog_stubs already exists.
[STA-1173] /foss/pdks/sky130A/libs.ref/sky130_fd_io/lib/sky130_ef_io__analog_stubs.lib line 43, default_fanout_load is 0.0.
[STA-1140] /foss/pdks/sky130A/libs.ref/sky130_fd_sc_hd/lib/sky130_fd_sc_hd__tt_025C_1v80.lib line 1, library sky130_fd_sc_hd__tt_025C_1v80 already exists.
[STA-1140] /foss/pdks/sky130A/libs.ref/sky130_fd_io/lib/sky130_ef_io__vccd_lvc_clamped_pad_tt_025C_1v80_3v30_3v30.lib line 18, library sky130_ef_io__vccd_lvc_clamped_pad_tt_025C_1v80_3v30_3v30 already exists.
[STA-1173] /foss/pdks/sky130A/libs.ref/sky130_fd_io/lib/sky130_ef_io__vccd_lvc_clamped_pad_tt_025C_1v80_3v30_3v30.lib line 42, default_fanout_load is 0.0.
[STA-1140] /foss/pdks/sky130A/libs.ref/sky130_fd_io/lib/sky130_ef_io__vssd_lvc_clamped_pad_tt_025C_1v80_3v30.lib line 18, library sky130_ef_io__vssd_lvc_clamped_pad_tt_025C_1v80_3v30 already exists.
[STA-1173] /foss/pdks/sky130A/libs.ref/sky130_fd_io/lib/sky130_ef_io__vssd_lvc_clamped_pad_tt_025C_1v80_3v30.lib line 43, default_fanout_load is 0.0.
[STA-1140] /foss/pdks/sky130A/libs.ref/sky130_fd_io/lib/sky130_ef_io__vddio_hvc_clamped_pad_tt_025C_1v80_3v30_3v30.lib line 18, library sky130_ef_io__vddio_hvc_clamped_pad_tt_025C_1v80_3v30_3v30 already exists.
[STA-1173] /foss/pdks/sky130A/libs.ref/sky130_fd_io/lib/sky130_ef_io__vddio_hvc_clamped_pad_tt_025C_1v80_3v30_3v30.lib line 42, default_fanout_load is 0.0.
[STA-1140] /foss/pdks/sky130A/libs.ref/sky130_fd_io/lib/sky130_ef_io__vssio_hvc_clamped_pad_tt_025C_1v80_3v30_3v30.lib line 18, library sky130_ef_io__vssio_hvc_clamped_pad_tt_025C_1v80_3v30_3v30 already exists.
[STA-1173] /foss/pdks/sky130A/libs.ref/sky130_fd_io/lib/sky130_ef_io__vssio_hvc_clamped_pad_tt_025C_1v80_3v30_3v30.lib line 42, default_fanout_load is 0.0.
[STA-1140] /foss/pdks/sky130A/libs.ref/sky130_fd_io/lib/sky130_ef_io__gpiov2_pad_tt_tt_025C_1v80_3v30.lib line 18, library sky130_ef_io__gpiov2_pad_tt_tt_025C_1v80_3v30 already exists.
[STA-1173] /foss/pdks/sky130A/libs.ref/sky130_fd_io/lib/sky130_ef_io__gpiov2_pad_tt_tt_025C_1v80_3v30.lib line 33, default_fanout_load is 0.0.
[STA-1140] /foss/pdks/sky130A/libs.ref/sky130_fd_io/lib/slices_stubs.lib line 18, library slices_stubs already exists.
[STA-1173] /foss/pdks/sky130A/libs.ref/sky130_fd_io/lib/slices_stubs.lib line 33, default_fanout_load is 0.0.
[STA-1140] /foss/pdks/sky130A/libs.ref/sky130_fd_io/lib/sky130_ef_io__analog_stubs.lib line 18, library sky130_ef_io__analog_stubs already exists.
[STA-1173] /foss/pdks/sky130A/libs.ref/sky130_fd_io/lib/sky130_ef_io__analog_stubs.lib line 43, default_fanout_load is 0.0.
[STA-1173] /foss/pdks/sky130A/libs.ref/sky130_fd_io/lib/sky130_ef_io__vccd_lvc_clamped_pad_ff_n40C_1v95_5v50_5v50.lib line 42, default_fanout_load is 0.0.
[STA-1173] /foss/pdks/sky130A/libs.ref/sky130_fd_io/lib/sky130_ef_io__vssd_lvc_clamped_pad_ff_n40C_1v95_5v50.lib line 43, default_fanout_load is 0.0.
[STA-1173] /foss/pdks/sky130A/libs.ref/sky130_fd_io/lib/sky130_ef_io__vddio_hvc_clamped_pad_ff_n40C_1v95_5v50_5v50.lib line 42, default_fanout_load is 0.0.
[STA-1173] /foss/pdks/sky130A/libs.ref/sky130_fd_io/lib/sky130_ef_io__vssio_hvc_clamped_pad_ff_n40C_1v95_5v50_5v50.lib line 42, default_fanout_load is 0.0.
[STA-1173] /foss/pdks/sky130A/libs.ref/sky130_fd_io/lib/sky130_ef_io__gpiov2_pad_ff_ff_n40C_1v95_5v50.lib line 33, default_fanout_load is 0.0.
[STA-1140] /foss/pdks/sky130A/libs.ref/sky130_fd_io/lib/slices_stubs.lib line 18, library slices_stubs already exists.
[STA-1173] /foss/pdks/sky130A/libs.ref/sky130_fd_io/lib/slices_stubs.lib line 33, default_fanout_load is 0.0.
[STA-1140] /foss/pdks/sky130A/libs.ref/sky130_fd_io/lib/sky130_ef_io__analog_stubs.lib line 18, library sky130_ef_io__analog_stubs already exists.
[STA-1173] /foss/pdks/sky130A/libs.ref/sky130_fd_io/lib/sky130_ef_io__analog_stubs.lib line 43, default_fanout_load is 0.0.
[STA-1140] /foss/pdks/sky130A/libs.ref/sky130_fd_sc_hd/lib/sky130_fd_sc_hd__ff_n40C_1v95.lib line 1, library sky130_fd_sc_hd__ff_n40C_1v95 already exists.
[STA-1140] /foss/pdks/sky130A/libs.ref/sky130_fd_io/lib/sky130_ef_io__vccd_lvc_clamped_pad_ff_n40C_1v95_5v50_5v50.lib line 18, library sky130_ef_io__vccd_lvc_clamped_pad_ff_n40C_1v95_5v50_5v50 already exists.
[STA-1173] /foss/pdks/sky130A/libs.ref/sky130_fd_io/lib/sky130_ef_io__vccd_lvc_clamped_pad_ff_n40C_1v95_5v50_5v50.lib line 42, default_fanout_load is 0.0.
[STA-1140] /foss/pdks/sky130A/libs.ref/sky130_fd_io/lib/sky130_ef_io__vssd_lvc_clamped_pad_ff_n40C_1v95_5v50.lib line 18, library sky130_ef_io__vssd_lvc_clamped_pad_ff_n40C_1v95_5v50 already exists.
[STA-1173] /foss/pdks/sky130A/libs.ref/sky130_fd_io/lib/sky130_ef_io__vssd_lvc_clamped_pad_ff_n40C_1v95_5v50.lib line 43, default_fanout_load is 0.0.
[STA-1140] /foss/pdks/sky130A/libs.ref/sky130_fd_io/lib/sky130_ef_io__vddio_hvc_clamped_pad_ff_n40C_1v95_5v50_5v50.lib line 18, library sky130_ef_io__vddio_hvc_clamped_pad_ff_n40C_1v95_5v50_5v50 already exists.
[STA-1173] /foss/pdks/sky130A/libs.ref/sky130_fd_io/lib/sky130_ef_io__vddio_hvc_clamped_pad_ff_n40C_1v95_5v50_5v50.lib line 42, default_fanout_load is 0.0.
[STA-1140] /foss/pdks/sky130A/libs.ref/sky130_fd_io/lib/sky130_ef_io__vssio_hvc_clamped_pad_ff_n40C_1v95_5v50_5v50.lib line 18, library sky130_ef_io__vssio_hvc_clamped_pad_ff_n40C_1v95_5v50_5v50 already exists.
[STA-1173] /foss/pdks/sky130A/libs.ref/sky130_fd_io/lib/sky130_ef_io__vssio_hvc_clamped_pad_ff_n40C_1v95_5v50_5v50.lib line 42, default_fanout_load is 0.0.
[STA-1140] /foss/pdks/sky130A/libs.ref/sky130_fd_io/lib/sky130_ef_io__gpiov2_pad_ff_ff_n40C_1v95_5v50.lib line 18, library sky130_ef_io__gpiov2_pad_ff_ff_n40C_1v95_5v50 already exists.
[STA-1173] /foss/pdks/sky130A/libs.ref/sky130_fd_io/lib/sky130_ef_io__gpiov2_pad_ff_ff_n40C_1v95_5v50.lib line 33, default_fanout_load is 0.0.
[STA-1140] /foss/pdks/sky130A/libs.ref/sky130_fd_io/lib/slices_stubs.lib line 18, library slices_stubs already exists.
[STA-1173] /foss/pdks/sky130A/libs.ref/sky130_fd_io/lib/slices_stubs.lib line 33, default_fanout_load is 0.0.
[STA-1140] /foss/pdks/sky130A/libs.ref/sky130_fd_io/lib/sky130_ef_io__analog_stubs.lib line 18, library sky130_ef_io__analog_stubs already exists.
[STA-1173] /foss/pdks/sky130A/libs.ref/sky130_fd_io/lib/sky130_ef_io__analog_stubs.lib line 43, default_fanout_load is 0.0.
[STA-1140] /foss/pdks/sky130A/libs.ref/sky130_fd_sc_hd/lib/sky130_fd_sc_hd__ss_100C_1v60.lib line 1, library sky130_fd_sc_hd__ss_100C_1v60 already exists.
[STA-1140] /foss/pdks/sky130A/libs.ref/sky130_fd_io/lib/sky130_ef_io__vccd_lvc_clamped_pad_ss_100C_1v60_3v00_3v00.lib line 18, library sky130_ef_io__vccd_lvc_clamped_pad_ss_100C_1v60_3v00_3v00 already exists.
[STA-1173] /foss/pdks/sky130A/libs.ref/sky130_fd_io/lib/sky130_ef_io__vccd_lvc_clamped_pad_ss_100C_1v60_3v00_3v00.lib line 42, default_fanout_load is 0.0.
[STA-1140] /foss/pdks/sky130A/libs.ref/sky130_fd_io/lib/sky130_ef_io__vssd_lvc_clamped_pad_ss_100C_1v60_3v00.lib line 18, library sky130_ef_io__vssd_lvc_clamped_pad_ss_100C_1v60_3v00 already exists.
[STA-1173] /foss/pdks/sky130A/libs.ref/sky130_fd_io/lib/sky130_ef_io__vssd_lvc_clamped_pad_ss_100C_1v60_3v00.lib line 43, default_fanout_load is 0.0.
[STA-1140] /foss/pdks/sky130A/libs.ref/sky130_fd_io/lib/sky130_ef_io__vddio_hvc_clamped_pad_ss_100C_1v60_3v00_3v00.lib line 18, library sky130_ef_io__vddio_hvc_clamped_pad_ss_100C_1v60_3v00_3v00 already exists.
[STA-1173] /foss/pdks/sky130A/libs.ref/sky130_fd_io/lib/sky130_ef_io__vddio_hvc_clamped_pad_ss_100C_1v60_3v00_3v00.lib line 42, default_fanout_load is 0.0.
[STA-1140] /foss/pdks/sky130A/libs.ref/sky130_fd_io/lib/sky130_ef_io__vssio_hvc_clamped_pad_ss_100C_1v60_3v00_3v00.lib line 18, library sky130_ef_io__vssio_hvc_clamped_pad_ss_100C_1v60_3v00_3v00 already exists.
[STA-1173] /foss/pdks/sky130A/libs.ref/sky130_fd_io/lib/sky130_ef_io__vssio_hvc_clamped_pad_ss_100C_1v60_3v00_3v00.lib line 42, default_fanout_load is 0.0.
[STA-1140] /foss/pdks/sky130A/libs.ref/sky130_fd_io/lib/sky130_ef_io__gpiov2_pad_ss_ss_100C_1v60_3v00.lib line 18, library sky130_ef_io__gpiov2_pad_ss_ss_100C_1v60_3v00 already exists.
[STA-1173] /foss/pdks/sky130A/libs.ref/sky130_fd_io/lib/sky130_ef_io__gpiov2_pad_ss_ss_100C_1v60_3v00.lib line 33, default_fanout_load is 0.0.
[STA-1111] cell sky130_ef_io__gpiov2_pad_ss_ss_100C_1v60_3v00/sky130_ef_io__gpiov2_pad OUT -> PAD timing group combinational not found in cell sky130_ef_io__gpiov2_pad_tt_tt_025C_1v80_3v30/sky130_ef_io__gpiov2_pad.
[STA-1111] cell sky130_ef_io__gpiov2_pad_ss_ss_100C_1v60_3v00/sky130_ef_io__gpiov2_pad OUT -> PAD timing group combinational not found in cell sky130_ef_io__gpiov2_pad_tt_tt_025C_1v80_3v30/sky130_ef_io__gpiov2_pad.
[STA-1111] cell sky130_ef_io__gpiov2_pad_ss_ss_100C_1v60_3v00/sky130_ef_io__gpiov2_pad OUT -> PAD timing group combinational not found in cell sky130_ef_io__gpiov2_pad_tt_tt_025C_1v80_3v30/sky130_ef_io__gpiov2_pad.
[STA-1111] cell sky130_ef_io__gpiov2_pad_ss_ss_100C_1v60_3v00/sky130_ef_io__gpiov2_pad OUT -> PAD timing group combinational not found in cell sky130_ef_io__gpiov2_pad_tt_tt_025C_1v80_3v30/sky130_ef_io__gpiov2_pad.
[STA-1140] /foss/pdks/sky130A/libs.ref/sky130_fd_io/lib/slices_stubs.lib line 18, library slices_stubs already exists.
[STA-1173] /foss/pdks/sky130A/libs.ref/sky130_fd_io/lib/slices_stubs.lib line 33, default_fanout_load is 0.0.
[STA-1140] /foss/pdks/sky130A/libs.ref/sky130_fd_io/lib/sky130_ef_io__analog_stubs.lib line 18, library sky130_ef_io__analog_stubs already exists.
[STA-1173] /foss/pdks/sky130A/libs.ref/sky130_fd_io/lib/sky130_ef_io__analog_stubs.lib line 43, default_fanout_load is 0.0.
[STA-1140] /foss/pdks/sky130A/libs.ref/sky130_fd_sc_hd/lib/sky130_fd_sc_hd__tt_025C_1v80.lib line 1, library sky130_fd_sc_hd__tt_025C_1v80 already exists.
[STA-1140] /foss/pdks/sky130A/libs.ref/sky130_fd_io/lib/sky130_ef_io__vccd_lvc_clamped_pad_tt_025C_1v80_3v30_3v30.lib line 18, library sky130_ef_io__vccd_lvc_clamped_pad_tt_025C_1v80_3v30_3v30 already exists.
[STA-1173] /foss/pdks/sky130A/libs.ref/sky130_fd_io/lib/sky130_ef_io__vccd_lvc_clamped_pad_tt_025C_1v80_3v30_3v30.lib line 42, default_fanout_load is 0.0.
[STA-1140] /foss/pdks/sky130A/libs.ref/sky130_fd_io/lib/sky130_ef_io__vssd_lvc_clamped_pad_tt_025C_1v80_3v30.lib line 18, library sky130_ef_io__vssd_lvc_clamped_pad_tt_025C_1v80_3v30 already exists.
[STA-1173] /foss/pdks/sky130A/libs.ref/sky130_fd_io/lib/sky130_ef_io__vssd_lvc_clamped_pad_tt_025C_1v80_3v30.lib line 43, default_fanout_load is 0.0.
[STA-1140] /foss/pdks/sky130A/libs.ref/sky130_fd_io/lib/sky130_ef_io__vddio_hvc_clamped_pad_tt_025C_1v80_3v30_3v30.lib line 18, library sky130_ef_io__vddio_hvc_clamped_pad_tt_025C_1v80_3v30_3v30 already exists.
[STA-1173] /foss/pdks/sky130A/libs.ref/sky130_fd_io/lib/sky130_ef_io__vddio_hvc_clamped_pad_tt_025C_1v80_3v30_3v30.lib line 42, default_fanout_load is 0.0.
[STA-1140] /foss/pdks/sky130A/libs.ref/sky130_fd_io/lib/sky130_ef_io__vssio_hvc_clamped_pad_tt_025C_1v80_3v30_3v30.lib line 18, library sky130_ef_io__vssio_hvc_clamped_pad_tt_025C_1v80_3v30_3v30 already exists.
[STA-1173] /foss/pdks/sky130A/libs.ref/sky130_fd_io/lib/sky130_ef_io__vssio_hvc_clamped_pad_tt_025C_1v80_3v30_3v30.lib line 42, default_fanout_load is 0.0.
[STA-1140] /foss/pdks/sky130A/libs.ref/sky130_fd_io/lib/sky130_ef_io__gpiov2_pad_tt_tt_025C_1v80_3v30.lib line 18, library sky130_ef_io__gpiov2_pad_tt_tt_025C_1v80_3v30 already exists.
[STA-1173] /foss/pdks/sky130A/libs.ref/sky130_fd_io/lib/sky130_ef_io__gpiov2_pad_tt_tt_025C_1v80_3v30.lib line 33, default_fanout_load is 0.0.
[STA-1140] /foss/pdks/sky130A/libs.ref/sky130_fd_io/lib/slices_stubs.lib line 18, library slices_stubs already exists.
[STA-1173] /foss/pdks/sky130A/libs.ref/sky130_fd_io/lib/slices_stubs.lib line 33, default_fanout_load is 0.0.
[STA-1140] /foss/pdks/sky130A/libs.ref/sky130_fd_io/lib/sky130_ef_io__analog_stubs.lib line 18, library sky130_ef_io__analog_stubs already exists.
[STA-1173] /foss/pdks/sky130A/libs.ref/sky130_fd_io/lib/sky130_ef_io__analog_stubs.lib line 43, default_fanout_load is 0.0.
[STA-1140] /foss/pdks/sky130A/libs.ref/sky130_fd_sc_hd/lib/sky130_fd_sc_hd__ss_100C_1v60.lib line 1, library sky130_fd_sc_hd__ss_100C_1v60 already exists.
[STA-1140] /foss/pdks/sky130A/libs.ref/sky130_fd_io/lib/sky130_ef_io__vccd_lvc_clamped_pad_ss_100C_1v60_3v00_3v00.lib line 18, library sky130_ef_io__vccd_lvc_clamped_pad_ss_100C_1v60_3v00_3v00 already exists.
[STA-1173] /foss/pdks/sky130A/libs.ref/sky130_fd_io/lib/sky130_ef_io__vccd_lvc_clamped_pad_ss_100C_1v60_3v00_3v00.lib line 42, default_fanout_load is 0.0.
[STA-1140] /foss/pdks/sky130A/libs.ref/sky130_fd_io/lib/sky130_ef_io__vssd_lvc_clamped_pad_ss_100C_1v60_3v00.lib line 18, library sky130_ef_io__vssd_lvc_clamped_pad_ss_100C_1v60_3v00 already exists.
[STA-1173] /foss/pdks/sky130A/libs.ref/sky130_fd_io/lib/sky130_ef_io__vssd_lvc_clamped_pad_ss_100C_1v60_3v00.lib line 43, default_fanout_load is 0.0.
[STA-1140] /foss/pdks/sky130A/libs.ref/sky130_fd_io/lib/sky130_ef_io__vddio_hvc_clamped_pad_ss_100C_1v60_3v00_3v00.lib line 18, library sky130_ef_io__vddio_hvc_clamped_pad_ss_100C_1v60_3v00_3v00 already exists.
[STA-1173] /foss/pdks/sky130A/libs.ref/sky130_fd_io/lib/sky130_ef_io__vddio_hvc_clamped_pad_ss_100C_1v60_3v00_3v00.lib line 42, default_fanout_load is 0.0.
[STA-1140] /foss/pdks/sky130A/libs.ref/sky130_fd_io/lib/sky130_ef_io__vssio_hvc_clamped_pad_ss_100C_1v60_3v00_3v00.lib line 18, library sky130_ef_io__vssio_hvc_clamped_pad_ss_100C_1v60_3v00_3v00 already exists.
[STA-1173] /foss/pdks/sky130A/libs.ref/sky130_fd_io/lib/sky130_ef_io__vssio_hvc_clamped_pad_ss_100C_1v60_3v00_3v00.lib line 42, default_fanout_load is 0.0.
[STA-1140] /foss/pdks/sky130A/libs.ref/sky130_fd_io/lib/sky130_ef_io__gpiov2_pad_ss_ss_100C_1v60_3v00.lib line 18, library sky130_ef_io__gpiov2_pad_ss_ss_100C_1v60_3v00 already exists.
[STA-1173] /foss/pdks/sky130A/libs.ref/sky130_fd_io/lib/sky130_ef_io__gpiov2_pad_ss_ss_100C_1v60_3v00.lib line 33, default_fanout_load is 0.0.
[STA-1111] cell sky130_ef_io__gpiov2_pad_ss_ss_100C_1v60_3v00/sky130_ef_io__gpiov2_pad OUT -> PAD timing group combinational not found in cell sky130_ef_io__gpiov2_pad_tt_tt_025C_1v80_3v30/sky130_ef_io__gpiov2_pad.
[STA-1111] cell sky130_ef_io__gpiov2_pad_ss_ss_100C_1v60_3v00/sky130_ef_io__gpiov2_pad OUT -> PAD timing group combinational not found in cell sky130_ef_io__gpiov2_pad_tt_tt_025C_1v80_3v30/sky130_ef_io__gpiov2_pad.
[STA-1111] cell sky130_ef_io__gpiov2_pad_ss_ss_100C_1v60_3v00/sky130_ef_io__gpiov2_pad OUT -> PAD timing group combinational not found in cell sky130_ef_io__gpiov2_pad_tt_tt_025C_1v80_3v30/sky130_ef_io__gpiov2_pad.
[STA-1111] cell sky130_ef_io__gpiov2_pad_ss_ss_100C_1v60_3v00/sky130_ef_io__gpiov2_pad OUT -> PAD timing group combinational not found in cell sky130_ef_io__gpiov2_pad_tt_tt_025C_1v80_3v30/sky130_ef_io__gpiov2_pad.
[STA-1140] /foss/pdks/sky130A/libs.ref/sky130_fd_io/lib/slices_stubs.lib line 18, library slices_stubs already exists.
[STA-1173] /foss/pdks/sky130A/libs.ref/sky130_fd_io/lib/slices_stubs.lib line 33, default_fanout_load is 0.0.
[STA-1140] /foss/pdks/sky130A/libs.ref/sky130_fd_io/lib/sky130_ef_io__analog_stubs.lib line 18, library sky130_ef_io__analog_stubs already exists.
[STA-1173] /foss/pdks/sky130A/libs.ref/sky130_fd_io/lib/sky130_ef_io__analog_stubs.lib line 43, default_fanout_load is 0.0.
[STA-1140] /foss/pdks/sky130A/libs.ref/sky130_fd_sc_hd/lib/sky130_fd_sc_hd__ff_n40C_1v95.lib line 1, library sky130_fd_sc_hd__ff_n40C_1v95 already exists.
[STA-1140] /foss/pdks/sky130A/libs.ref/sky130_fd_io/lib/sky130_ef_io__vccd_lvc_clamped_pad_ff_n40C_1v95_5v50_5v50.lib line 18, library sky130_ef_io__vccd_lvc_clamped_pad_ff_n40C_1v95_5v50_5v50 already exists.
[STA-1173] /foss/pdks/sky130A/libs.ref/sky130_fd_io/lib/sky130_ef_io__vccd_lvc_clamped_pad_ff_n40C_1v95_5v50_5v50.lib line 42, default_fanout_load is 0.0.
[STA-1140] /foss/pdks/sky130A/libs.ref/sky130_fd_io/lib/sky130_ef_io__vssd_lvc_clamped_pad_ff_n40C_1v95_5v50.lib line 18, library sky130_ef_io__vssd_lvc_clamped_pad_ff_n40C_1v95_5v50 already exists.
[STA-1173] /foss/pdks/sky130A/libs.ref/sky130_fd_io/lib/sky130_ef_io__vssd_lvc_clamped_pad_ff_n40C_1v95_5v50.lib line 43, default_fanout_load is 0.0.
[STA-1140] /foss/pdks/sky130A/libs.ref/sky130_fd_io/lib/sky130_ef_io__vddio_hvc_clamped_pad_ff_n40C_1v95_5v50_5v50.lib line 18, library sky130_ef_io__vddio_hvc_clamped_pad_ff_n40C_1v95_5v50_5v50 already exists.
[STA-1173] /foss/pdks/sky130A/libs.ref/sky130_fd_io/lib/sky130_ef_io__vddio_hvc_clamped_pad_ff_n40C_1v95_5v50_5v50.lib line 42, default_fanout_load is 0.0.
[STA-1140] /foss/pdks/sky130A/libs.ref/sky130_fd_io/lib/sky130_ef_io__vssio_hvc_clamped_pad_ff_n40C_1v95_5v50_5v50.lib line 18, library sky130_ef_io__vssio_hvc_clamped_pad_ff_n40C_1v95_5v50_5v50 already exists.
[STA-1173] /foss/pdks/sky130A/libs.ref/sky130_fd_io/lib/sky130_ef_io__vssio_hvc_clamped_pad_ff_n40C_1v95_5v50_5v50.lib line 42, default_fanout_load is 0.0.
[STA-1140] /foss/pdks/sky130A/libs.ref/sky130_fd_io/lib/sky130_ef_io__gpiov2_pad_ff_ff_n40C_1v95_5v50.lib line 18, library sky130_ef_io__gpiov2_pad_ff_ff_n40C_1v95_5v50 already exists.
[STA-1173] /foss/pdks/sky130A/libs.ref/sky130_fd_io/lib/sky130_ef_io__gpiov2_pad_ff_ff_n40C_1v95_5v50.lib line 33, default_fanout_load is 0.0.
[STA-1140] /foss/pdks/sky130A/libs.ref/sky130_fd_io/lib/slices_stubs.lib line 18, library slices_stubs already exists.
[STA-1173] /foss/pdks/sky130A/libs.ref/sky130_fd_io/lib/slices_stubs.lib line 33, default_fanout_load is 0.0.
[STA-1140] /foss/pdks/sky130A/libs.ref/sky130_fd_io/lib/sky130_ef_io__analog_stubs.lib line 18, library sky130_ef_io__analog_stubs already exists.
[STA-1173] /foss/pdks/sky130A/libs.ref/sky130_fd_io/lib/sky130_ef_io__analog_stubs.lib line 43, default_fanout_load is 0.0.
[ORD-2056] The following 18 liberty cell(s) do not have LEF masters and will be marked as dont-use:
Running 'OpenROAD.STAMidPNR-2' at 'runs/RUN_2026-08-28_16-13-43/43-openroad-stamidpnr-2'…
Logging subprocess to [repr.filename]'runs/RUN_2026-08-28_16-13-43/43-openroad-stamidpnr-2/openroad-stamidpnr-2.log'[/repr.filename]…
[STA-1173] /foss/pdks/sky130A/libs.ref/sky130_fd_io/lib/sky130_ef_io__vccd_lvc_clamped_pad_tt_025C_1v80_3v30_3v30.lib line 42, default_fanout_load is 0.0.
[STA-1173] /foss/pdks/sky130A/libs.ref/sky130_fd_io/lib/sky130_ef_io__vssd_lvc_clamped_pad_tt_025C_1v80_3v30.lib line 43, default_fanout_load is 0.0.
[STA-1173] /foss/pdks/sky130A/libs.ref/sky130_fd_io/lib/sky130_ef_io__vddio_hvc_clamped_pad_tt_025C_1v80_3v30_3v30.lib line 42, default_fanout_load is 0.0.
[STA-1173] /foss/pdks/sky130A/libs.ref/sky130_fd_io/lib/sky130_ef_io__vssio_hvc_clamped_pad_tt_025C_1v80_3v30_3v30.lib line 42, default_fanout_load is 0.0.
[STA-1173] /foss/pdks/sky130A/libs.ref/sky130_fd_io/lib/sky130_ef_io__gpiov2_pad_tt_tt_025C_1v80_3v30.lib line 33, default_fanout_load is 0.0.
[STA-1173] /foss/pdks/sky130A/libs.ref/sky130_fd_io/lib/slices_stubs.lib line 33, default_fanout_load is 0.0.
[STA-1173] /foss/pdks/sky130A/libs.ref/sky130_fd_io/lib/sky130_ef_io__analog_stubs.lib line 43, default_fanout_load is 0.0.
[ORD-2056] The following 2 liberty cell(s) do not have LEF masters and will be marked as dont-use:
Running 'OpenROAD.GlobalRouting' at 'runs/RUN_2026-08-28_16-13-43/44-openroad-globalrouting'…
Logging subprocess to [repr.filename]'runs/RUN_2026-08-28_16-13-43/44-openroad-globalrouting/openroad-globalrouting.log'[/repr.filename]…
[STA-1173] /foss/pdks/sky130A/libs.ref/sky130_fd_io/lib/sky130_ef_io__vccd_lvc_clamped_pad_tt_025C_1v80_3v30_3v30.lib line 42, default_fanout_load is 0.0.
[STA-1173] /foss/pdks/sky130A/libs.ref/sky130_fd_io/lib/sky130_ef_io__vssd_lvc_clamped_pad_tt_025C_1v80_3v30.lib line 43, default_fanout_load is 0.0.
[STA-1173] /foss/pdks/sky130A/libs.ref/sky130_fd_io/lib/sky130_ef_io__vddio_hvc_clamped_pad_tt_025C_1v80_3v30_3v30.lib line 42, default_fanout_load is 0.0.
[STA-1173] /foss/pdks/sky130A/libs.ref/sky130_fd_io/lib/sky130_ef_io__vssio_hvc_clamped_pad_tt_025C_1v80_3v30_3v30.lib line 42, default_fanout_load is 0.0.
[STA-1173] /foss/pdks/sky130A/libs.ref/sky130_fd_io/lib/sky130_ef_io__gpiov2_pad_tt_tt_025C_1v80_3v30.lib line 33, default_fanout_load is 0.0.
[STA-1173] /foss/pdks/sky130A/libs.ref/sky130_fd_io/lib/slices_stubs.lib line 33, default_fanout_load is 0.0.
[STA-1173] /foss/pdks/sky130A/libs.ref/sky130_fd_io/lib/sky130_ef_io__analog_stubs.lib line 43, default_fanout_load is 0.0.
[ORD-2056] The following 2 liberty cell(s) do not have LEF masters and will be marked as dont-use:
Running 'OpenROAD.CheckAntennas' at 'runs/RUN_2026-08-28_16-13-43/45-openroad-checkantennas'…
Logging subprocess to [repr.filename]'runs/RUN_2026-08-28_16-13-43/45-openroad-checkantennas/openroad-checkantennas.log'[/repr.filename]…
[STA-1173] /foss/pdks/sky130A/libs.ref/sky130_fd_io/lib/sky130_ef_io__vccd_lvc_clamped_pad_tt_025C_1v80_3v30_3v30.lib line 42, default_fanout_load is 0.0.
[STA-1173] /foss/pdks/sky130A/libs.ref/sky130_fd_io/lib/sky130_ef_io__vssd_lvc_clamped_pad_tt_025C_1v80_3v30.lib line 43, default_fanout_load is 0.0.
[STA-1173] /foss/pdks/sky130A/libs.ref/sky130_fd_io/lib/sky130_ef_io__vddio_hvc_clamped_pad_tt_025C_1v80_3v30_3v30.lib line 42, default_fanout_load is 0.0.
[STA-1173] /foss/pdks/sky130A/libs.ref/sky130_fd_io/lib/sky130_ef_io__vssio_hvc_clamped_pad_tt_025C_1v80_3v30_3v30.lib line 42, default_fanout_load is 0.0.
[STA-1173] /foss/pdks/sky130A/libs.ref/sky130_fd_io/lib/sky130_ef_io__gpiov2_pad_tt_tt_025C_1v80_3v30.lib line 33, default_fanout_load is 0.0.
[STA-1173] /foss/pdks/sky130A/libs.ref/sky130_fd_io/lib/slices_stubs.lib line 33, default_fanout_load is 0.0.
[STA-1173] /foss/pdks/sky130A/libs.ref/sky130_fd_io/lib/sky130_ef_io__analog_stubs.lib line 43, default_fanout_load is 0.0.
[ORD-2056] The following 2 liberty cell(s) do not have LEF masters and will be marked as dont-use:
Gating variable for step 'OpenROAD.RepairDesignPostGRT' set to 'False'- the step will be skipped.
Skipping step 'Repair Design (Post-Global Routing)'…
Running 'Odb.DiodesOnPorts' at 'runs/RUN_2026-08-28_16-13-43/46-odb-diodesonports'…
'DIODE_ON_PORTS' is set to 'none': skipping 'Odb.DiodesOnPorts'…
Gating variable for step 'Odb.HeuristicDiodeInsertion' set to 'False'- the step will be skipped.
Skipping step 'Heuristic Diode Insertion'…
Running 'OpenROAD.RepairAntennas' at 'runs/RUN_2026-08-28_16-13-43/47-openroad-repairantennas'…
Running 'OpenROAD.DiodeInsertion' at 'runs/RUN_2026-08-28_16-13-43/47-openroad-repairantennas/1-openroad-diodeinsertion'…
Logging subprocess to [repr.filename]'runs/RUN_2026-08-28_16-13-43/47-openroad-repairantennas/1-openroad-diodeinsertion/openroad-diodeinsertion.log'[/repr.filename]…
[STA-1173] /foss/pdks/sky130A/libs.ref/sky130_fd_io/lib/sky130_ef_io__vccd_lvc_clamped_pad_tt_025C_1v80_3v30_3v30.lib line 42, default_fanout_load is 0.0.
[STA-1173] /foss/pdks/sky130A/libs.ref/sky130_fd_io/lib/sky130_ef_io__vssd_lvc_clamped_pad_tt_025C_1v80_3v30.lib line 43, default_fanout_load is 0.0.
[STA-1173] /foss/pdks/sky130A/libs.ref/sky130_fd_io/lib/sky130_ef_io__vddio_hvc_clamped_pad_tt_025C_1v80_3v30_3v30.lib line 42, default_fanout_load is 0.0.
[STA-1173] /foss/pdks/sky130A/libs.ref/sky130_fd_io/lib/sky130_ef_io__vssio_hvc_clamped_pad_tt_025C_1v80_3v30_3v30.lib line 42, default_fanout_load is 0.0.
[STA-1173] /foss/pdks/sky130A/libs.ref/sky130_fd_io/lib/sky130_ef_io__gpiov2_pad_tt_tt_025C_1v80_3v30.lib line 33, default_fanout_load is 0.0.
[STA-1173] /foss/pdks/sky130A/libs.ref/sky130_fd_io/lib/slices_stubs.lib line 33, default_fanout_load is 0.0.
[STA-1173] /foss/pdks/sky130A/libs.ref/sky130_fd_io/lib/sky130_ef_io__analog_stubs.lib line 43, default_fanout_load is 0.0.
[ORD-2056] The following 2 liberty cell(s) do not have LEF masters and will be marked as dont-use:
Running 'OpenROAD.CheckAntennas' at 'runs/RUN_2026-08-28_16-13-43/47-openroad-repairantennas/2-openroad-checkantennas'…
Logging subprocess to [repr.filename]'runs/RUN_2026-08-28_16-13-43/47-openroad-repairantennas/2-openroad-checkantennas/openroad-checkantennas.log'[/repr.filename]…
[STA-1173] /foss/pdks/sky130A/libs.ref/sky130_fd_io/lib/sky130_ef_io__vccd_lvc_clamped_pad_tt_025C_1v80_3v30_3v30.lib line 42, default_fanout_load is 0.0.
[STA-1173] /foss/pdks/sky130A/libs.ref/sky130_fd_io/lib/sky130_ef_io__vssd_lvc_clamped_pad_tt_025C_1v80_3v30.lib line 43, default_fanout_load is 0.0.
[STA-1173] /foss/pdks/sky130A/libs.ref/sky130_fd_io/lib/sky130_ef_io__vddio_hvc_clamped_pad_tt_025C_1v80_3v30_3v30.lib line 42, default_fanout_load is 0.0.
[STA-1173] /foss/pdks/sky130A/libs.ref/sky130_fd_io/lib/sky130_ef_io__vssio_hvc_clamped_pad_tt_025C_1v80_3v30_3v30.lib line 42, default_fanout_load is 0.0.
[STA-1173] /foss/pdks/sky130A/libs.ref/sky130_fd_io/lib/sky130_ef_io__gpiov2_pad_tt_tt_025C_1v80_3v30.lib line 33, default_fanout_load is 0.0.
[STA-1173] /foss/pdks/sky130A/libs.ref/sky130_fd_io/lib/slices_stubs.lib line 33, default_fanout_load is 0.0.
[STA-1173] /foss/pdks/sky130A/libs.ref/sky130_fd_io/lib/sky130_ef_io__analog_stubs.lib line 43, default_fanout_load is 0.0.
[ORD-2056] The following 2 liberty cell(s) do not have LEF masters and will be marked as dont-use:
Gating variable for step 'OpenROAD.ResizerTimingPostGRT' set to 'False'- the step will be skipped.
Skipping step 'Resizer Timing Optimizations (Post-Global Routing)'…
Running 'OpenROAD.STAMidPNR-3' at 'runs/RUN_2026-08-28_16-13-43/48-openroad-stamidpnr-3'…
Logging subprocess to [repr.filename]'runs/RUN_2026-08-28_16-13-43/48-openroad-stamidpnr-3/openroad-stamidpnr-3.log'[/repr.filename]…
[STA-1173] /foss/pdks/sky130A/libs.ref/sky130_fd_io/lib/sky130_ef_io__vccd_lvc_clamped_pad_tt_025C_1v80_3v30_3v30.lib line 42, default_fanout_load is 0.0.
[STA-1173] /foss/pdks/sky130A/libs.ref/sky130_fd_io/lib/sky130_ef_io__vssd_lvc_clamped_pad_tt_025C_1v80_3v30.lib line 43, default_fanout_load is 0.0.
[STA-1173] /foss/pdks/sky130A/libs.ref/sky130_fd_io/lib/sky130_ef_io__vddio_hvc_clamped_pad_tt_025C_1v80_3v30_3v30.lib line 42, default_fanout_load is 0.0.
[STA-1173] /foss/pdks/sky130A/libs.ref/sky130_fd_io/lib/sky130_ef_io__vssio_hvc_clamped_pad_tt_025C_1v80_3v30_3v30.lib line 42, default_fanout_load is 0.0.
[STA-1173] /foss/pdks/sky130A/libs.ref/sky130_fd_io/lib/sky130_ef_io__gpiov2_pad_tt_tt_025C_1v80_3v30.lib line 33, default_fanout_load is 0.0.
[STA-1173] /foss/pdks/sky130A/libs.ref/sky130_fd_io/lib/slices_stubs.lib line 33, default_fanout_load is 0.0.
[STA-1173] /foss/pdks/sky130A/libs.ref/sky130_fd_io/lib/sky130_ef_io__analog_stubs.lib line 43, default_fanout_load is 0.0.
[ORD-2056] The following 2 liberty cell(s) do not have LEF masters and will be marked as dont-use:
Running 'OpenROAD.DetailedRouting' at 'runs/RUN_2026-08-28_16-13-43/49-openroad-detailedrouting'…
Running TritonRoute with 12 threads…
Logging subprocess to [repr.filename]'runs/RUN_2026-08-28_16-13-43/49-openroad-detailedrouting/openroad-detailedrouting.log'[/repr.filename]…
[STA-1173] /foss/pdks/sky130A/libs.ref/sky130_fd_io/lib/sky130_ef_io__vccd_lvc_clamped_pad_tt_025C_1v80_3v30_3v30.lib line 42, default_fanout_load is 0.0.
[STA-1173] /foss/pdks/sky130A/libs.ref/sky130_fd_io/lib/sky130_ef_io__vssd_lvc_clamped_pad_tt_025C_1v80_3v30.lib line 43, default_fanout_load is 0.0.
[STA-1173] /foss/pdks/sky130A/libs.ref/sky130_fd_io/lib/sky130_ef_io__vddio_hvc_clamped_pad_tt_025C_1v80_3v30_3v30.lib line 42, default_fanout_load is 0.0.
[STA-1173] /foss/pdks/sky130A/libs.ref/sky130_fd_io/lib/sky130_ef_io__vssio_hvc_clamped_pad_tt_025C_1v80_3v30_3v30.lib line 42, default_fanout_load is 0.0.
[STA-1173] /foss/pdks/sky130A/libs.ref/sky130_fd_io/lib/sky130_ef_io__gpiov2_pad_tt_tt_025C_1v80_3v30.lib line 33, default_fanout_load is 0.0.
[STA-1173] /foss/pdks/sky130A/libs.ref/sky130_fd_io/lib/slices_stubs.lib line 33, default_fanout_load is 0.0.
[STA-1173] /foss/pdks/sky130A/libs.ref/sky130_fd_io/lib/sky130_ef_io__analog_stubs.lib line 43, default_fanout_load is 0.0.
[ORD-2056] The following 2 liberty cell(s) do not have LEF masters and will be marked as dont-use:
[DRT-0349] LEF58_ENCLOSURE with no CUTCLASS is not supported. Skipping for layer mcon
[DRT-0349] LEF58_ENCLOSURE with no CUTCLASS is not supported. Skipping for layer mcon
[DRT-0349] LEF58_ENCLOSURE with no CUTCLASS is not supported. Skipping for layer via
[DRT-0349] LEF58_ENCLOSURE with no CUTCLASS is not supported. Skipping for layer via
[DRT-0349] LEF58_ENCLOSURE with no CUTCLASS is not supported. Skipping for layer via2
[DRT-0349] LEF58_ENCLOSURE with no CUTCLASS is not supported. Skipping for layer via2
[DRT-0349] LEF58_ENCLOSURE with no CUTCLASS is not supported. Skipping for layer via3
[DRT-0349] LEF58_ENCLOSURE with no CUTCLASS is not supported. Skipping for layer via3
[DRT-0349] LEF58_ENCLOSURE with no CUTCLASS is not supported. Skipping for layer via4
[DRT-0349] LEF58_ENCLOSURE with no CUTCLASS is not supported. Skipping for layer via4
Skipping step 'Remove Obstructions'…
Skipping step 'Check Antennas'…
Skipping step 'Routing DRC Checker'…
Skipping step 'Report Disconnected Pins'…
Skipping step 'Disconnected Pins Checker'…
Skipping step 'Report Wire Length'…
Skipping step 'Wire Length Threshold Checker'…
Skipping step 'Fill Insertion'…
Skipping step 'Generate Cell Frequency Tables'…
Skipping step 'Parasitics (RC) Extraction'…
Skipping step 'STA (Post-PnR)'…
Skipping step 'IR Drop Report'…
Skipping step 'GDSII Stream Out (Magic)'…
Skipping step 'GDSII Stream Out (KLayout)'…
Skipping step 'Render Image (w/ KLayout)'…
Skipping step 'Write LEF (Magic)'…
Skipping step 'Check Antenna Properties of Pins in The Generated Design LEF view'…
Skipping step 'KLayout vs. Magic XOR'…
Skipping step 'XOR Difference Checker'…
Skipping step 'DRC'…
Skipping step 'Design Rule Check (KLayout)'…
Skipping step 'Magic DRC Checker'…
Skipping step 'KLayout DRC Checker'…
Skipping step 'SPICE Extraction'…
Skipping step 'Illegal Overlap Checker'…
Skipping step 'Netgen LVS'…
Skipping step 'LVS Error Checker'…
Gating variable for step 'Yosys.EQY' set to 'False'- the step will be skipped.
Skipping step 'Equivalence Check'…
Skipping step 'Setup Timing Violations Checker'…
Skipping step 'Hold Timing Violations Checker'…
Skipping step 'Max Slew Violations Checker'…
Skipping step 'Max Cap Violations Checker'…
Skipping step 'Report Manufacturability'…
Saving views to '/foss/designs/Work_Area/GDS/runs/RUN_2026-08-28_16-13-43/final'…
Flow complete.
Starting…
Running 'OpenROAD.OpenGUI' at 'runs/RUN_2026-08-28_16-13-43/50-openroad-opengui'…
Logging subprocess to [repr.filename]'runs/RUN_2026-08-28_16-13-43/50-openroad-opengui/openroad-opengui.log'[/repr.filename]…
[STA-1173] /foss/pdks/sky130A/libs.ref/sky130_fd_io/lib/sky130_ef_io__vccd_lvc_clamped_pad_tt_025C_1v80_3v30_3v30.lib line 42, default_fanout_load is 0.0.
[STA-1173] /foss/pdks/sky130A/libs.ref/sky130_fd_io/lib/sky130_ef_io__vssd_lvc_clamped_pad_tt_025C_1v80_3v30.lib line 43, default_fanout_load is 0.0.
[STA-1173] /foss/pdks/sky130A/libs.ref/sky130_fd_io/lib/sky130_ef_io__vddio_hvc_clamped_pad_tt_025C_1v80_3v30_3v30.lib line 42, default_fanout_load is 0.0.
[STA-1173] /foss/pdks/sky130A/libs.ref/sky130_fd_io/lib/sky130_ef_io__vssio_hvc_clamped_pad_tt_025C_1v80_3v30_3v30.lib line 42, default_fanout_load is 0.0.
[STA-1173] /foss/pdks/sky130A/libs.ref/sky130_fd_io/lib/sky130_ef_io__gpiov2_pad_tt_tt_025C_1v80_3v30.lib line 33, default_fanout_load is 0.0.
[STA-1173] /foss/pdks/sky130A/libs.ref/sky130_fd_io/lib/slices_stubs.lib line 33, default_fanout_load is 0.0.
[STA-1173] /foss/pdks/sky130A/libs.ref/sky130_fd_io/lib/sky130_ef_io__analog_stubs.lib line 43, default_fanout_load is 0.0.
Saving views to '/foss/designs/Work_Area/GDS/runs/RUN_2026-08-28_16-13-43/final'…
Flow complete.
Starting…
Skipping step 'Verilator Lint'…
Skipping step 'Lint Timing Error Checker'…
Skipping step 'Lint Errors Checker'…
Skipping step 'Lint Warnings Checker'…
Skipping step 'Generate JSON Header'…
Skipping step 'Synthesis'…
Skipping step 'Unmapped Cells Checker'…
Skipping step 'Yosys Synth Checks'…
Skipping step 'Netlist Assign Statement Checker'…
Skipping step 'Check SDC Files'…
Skipping step 'Check Macro Instances'…
Skipping step 'STA (Pre-PnR)'…
Skipping step 'Floorplan Init'…
Skipping step 'Dump RC Values'…
Skipping step 'Check Antenna Properties of Macros Pins in Their LEF Views'…
Skipping step 'Set Power Connections'…
Skipping step 'Manual Macro Placement'…
Skipping step 'Cut Rows'…
Skipping step 'Tap/Decap Insertion'…
Skipping step 'Add PDN obstructions'…
Skipping step 'Generate PDN'…
Skipping step 'Remove PDN obstructions'…
Skipping step 'Add Obstructions'…
Skipping step 'Global Placement Skip IO'…
Skipping step 'I/O Placement'…
Skipping step 'Custom I/O Placement'…
Skipping step 'Apply DEF Template'…
Skipping step 'Global Placement'…
Skipping step 'Write Verilog Header'…
Skipping step 'Power Grid Violation Checker'…
Skipping step 'STA (Mid-PnR)'…
Skipping step 'Repair Design (Post-Global Placement)'…
Skipping step 'Manual Global Placement'…
Skipping step 'Detailed Placement'…
Skipping step 'Clock Tree Synthesis'…
Skipping step 'STA (Mid-PnR)'…
Skipping step 'Resizer Timing Optimizations (Post-Clock Tree Synthesis)'…
Skipping step 'STA (Mid-PnR)'…
Skipping step 'Global Routing'…
Skipping step 'Check Antennas'…
Gating variable for step 'OpenROAD.RepairDesignPostGRT' set to 'False'- the step will be skipped.
Skipping step 'Repair Design (Post-Global Routing)'…
Skipping step 'Diodes on Ports'…
Gating variable for step 'Odb.HeuristicDiodeInsertion' set to 'False'- the step will be skipped.
Skipping step 'Heuristic Diode Insertion'…
Skipping step 'Antenna Repair'…
Gating variable for step 'OpenROAD.ResizerTimingPostGRT' set to 'False'- the step will be skipped.
Skipping step 'Resizer Timing Optimizations (Post-Global Routing)'…
Skipping step 'STA (Mid-PnR)'…
Running 'OpenROAD.DetailedRouting' at 'runs/RUN_2026-08-28_16-13-43/51-openroad-detailedrouting'…
Running TritonRoute with 12 threads…
Logging subprocess to [repr.filename]'runs/RUN_2026-08-28_16-13-43/51-openroad-detailedrouting/openroad-detailedrouting.log'[/repr.filename]…
[STA-1173] /foss/pdks/sky130A/libs.ref/sky130_fd_io/lib/sky130_ef_io__vccd_lvc_clamped_pad_tt_025C_1v80_3v30_3v30.lib line 42, default_fanout_load is 0.0.
[STA-1173] /foss/pdks/sky130A/libs.ref/sky130_fd_io/lib/sky130_ef_io__vssd_lvc_clamped_pad_tt_025C_1v80_3v30.lib line 43, default_fanout_load is 0.0.
[STA-1173] /foss/pdks/sky130A/libs.ref/sky130_fd_io/lib/sky130_ef_io__vddio_hvc_clamped_pad_tt_025C_1v80_3v30_3v30.lib line 42, default_fanout_load is 0.0.
[STA-1173] /foss/pdks/sky130A/libs.ref/sky130_fd_io/lib/sky130_ef_io__vssio_hvc_clamped_pad_tt_025C_1v80_3v30_3v30.lib line 42, default_fanout_load is 0.0.
[STA-1173] /foss/pdks/sky130A/libs.ref/sky130_fd_io/lib/sky130_ef_io__gpiov2_pad_tt_tt_025C_1v80_3v30.lib line 33, default_fanout_load is 0.0.
[STA-1173] /foss/pdks/sky130A/libs.ref/sky130_fd_io/lib/slices_stubs.lib line 33, default_fanout_load is 0.0.
[STA-1173] /foss/pdks/sky130A/libs.ref/sky130_fd_io/lib/sky130_ef_io__analog_stubs.lib line 43, default_fanout_load is 0.0.
[ORD-2056] The following 2 liberty cell(s) do not have LEF masters and will be marked as dont-use:
[DRT-0349] LEF58_ENCLOSURE with no CUTCLASS is not supported. Skipping for layer mcon
[DRT-0349] LEF58_ENCLOSURE with no CUTCLASS is not supported. Skipping for layer mcon
[DRT-0349] LEF58_ENCLOSURE with no CUTCLASS is not supported. Skipping for layer via
[DRT-0349] LEF58_ENCLOSURE with no CUTCLASS is not supported. Skipping for layer via
[DRT-0349] LEF58_ENCLOSURE with no CUTCLASS is not supported. Skipping for layer via2
[DRT-0349] LEF58_ENCLOSURE with no CUTCLASS is not supported. Skipping for layer via2
[DRT-0349] LEF58_ENCLOSURE with no CUTCLASS is not supported. Skipping for layer via3
[DRT-0349] LEF58_ENCLOSURE with no CUTCLASS is not supported. Skipping for layer via3
[DRT-0349] LEF58_ENCLOSURE with no CUTCLASS is not supported. Skipping for layer via4
[DRT-0349] LEF58_ENCLOSURE with no CUTCLASS is not supported. Skipping for layer via4
Running 'Odb.RemoveRoutingObstructions' at 'runs/RUN_2026-08-28_16-13-43/52-odb-removeroutingobstructions'…
'ROUTING_OBSTRUCTIONS' is not defined. Skipping 'Odb.RemoveRoutingObstructions'…
Running 'OpenROAD.CheckAntennas-1' at 'runs/RUN_2026-08-28_16-13-43/53-openroad-checkantennas-1'…
Logging subprocess to [repr.filename]'runs/RUN_2026-08-28_16-13-43/53-openroad-checkantennas-1/openroad-checkantennas-1.log'[/repr.filename]…
[STA-1173] /foss/pdks/sky130A/libs.ref/sky130_fd_io/lib/sky130_ef_io__vccd_lvc_clamped_pad_tt_025C_1v80_3v30_3v30.lib line 42, default_fanout_load is 0.0.
[STA-1173] /foss/pdks/sky130A/libs.ref/sky130_fd_io/lib/sky130_ef_io__vssd_lvc_clamped_pad_tt_025C_1v80_3v30.lib line 43, default_fanout_load is 0.0.
[STA-1173] /foss/pdks/sky130A/libs.ref/sky130_fd_io/lib/sky130_ef_io__vddio_hvc_clamped_pad_tt_025C_1v80_3v30_3v30.lib line 42, default_fanout_load is 0.0.
[STA-1173] /foss/pdks/sky130A/libs.ref/sky130_fd_io/lib/sky130_ef_io__vssio_hvc_clamped_pad_tt_025C_1v80_3v30_3v30.lib line 42, default_fanout_load is 0.0.
[STA-1173] /foss/pdks/sky130A/libs.ref/sky130_fd_io/lib/sky130_ef_io__gpiov2_pad_tt_tt_025C_1v80_3v30.lib line 33, default_fanout_load is 0.0.
[STA-1173] /foss/pdks/sky130A/libs.ref/sky130_fd_io/lib/slices_stubs.lib line 33, default_fanout_load is 0.0.
[STA-1173] /foss/pdks/sky130A/libs.ref/sky130_fd_io/lib/sky130_ef_io__analog_stubs.lib line 43, default_fanout_load is 0.0.
[ORD-2056] The following 2 liberty cell(s) do not have LEF masters and will be marked as dont-use:
Running 'Checker.TrDRC' at 'runs/RUN_2026-08-28_16-13-43/54-checker-trdrc'…
Check for Routing DRC errors clear.
Running 'Odb.ReportDisconnectedPins' at 'runs/RUN_2026-08-28_16-13-43/55-odb-reportdisconnectedpins'…
Logging subprocess to [repr.filename]'runs/RUN_2026-08-28_16-13-43/55-odb-reportdisconnectedpins/odb-reportdisconnectedpins.log'[/repr.filename]…
Running 'Checker.DisconnectedPins' at 'runs/RUN_2026-08-28_16-13-43/56-checker-disconnectedpins'…
Check for critical disconnected pins clear.
Running 'Odb.ReportWireLength' at 'runs/RUN_2026-08-28_16-13-43/57-odb-reportwirelength'…
Logging subprocess to [repr.filename]'runs/RUN_2026-08-28_16-13-43/57-odb-reportwirelength/odb-reportwirelength.log'[/repr.filename]…
Running 'Checker.WireLength' at 'runs/RUN_2026-08-28_16-13-43/58-checker-wirelength'…
Threshold for Threshold-surpassing long wires is not set. The checker will be skipped.
Running 'OpenROAD.FillInsertion' at 'runs/RUN_2026-08-28_16-13-43/59-openroad-fillinsertion'…
Logging subprocess to [repr.filename]'runs/RUN_2026-08-28_16-13-43/59-openroad-fillinsertion/openroad-fillinsertion.log'[/repr.filename]…
[STA-1173] /foss/pdks/sky130A/libs.ref/sky130_fd_io/lib/sky130_ef_io__vccd_lvc_clamped_pad_tt_025C_1v80_3v30_3v30.lib line 42, default_fanout_load is 0.0.
[STA-1173] /foss/pdks/sky130A/libs.ref/sky130_fd_io/lib/sky130_ef_io__vssd_lvc_clamped_pad_tt_025C_1v80_3v30.lib line 43, default_fanout_load is 0.0.
[STA-1173] /foss/pdks/sky130A/libs.ref/sky130_fd_io/lib/sky130_ef_io__vddio_hvc_clamped_pad_tt_025C_1v80_3v30_3v30.lib line 42, default_fanout_load is 0.0.
[STA-1173] /foss/pdks/sky130A/libs.ref/sky130_fd_io/lib/sky130_ef_io__vssio_hvc_clamped_pad_tt_025C_1v80_3v30_3v30.lib line 42, default_fanout_load is 0.0.
[STA-1173] /foss/pdks/sky130A/libs.ref/sky130_fd_io/lib/sky130_ef_io__gpiov2_pad_tt_tt_025C_1v80_3v30.lib line 33, default_fanout_load is 0.0.
[STA-1173] /foss/pdks/sky130A/libs.ref/sky130_fd_io/lib/slices_stubs.lib line 33, default_fanout_load is 0.0.
[STA-1173] /foss/pdks/sky130A/libs.ref/sky130_fd_io/lib/sky130_ef_io__analog_stubs.lib line 43, default_fanout_load is 0.0.
[ORD-2056] The following 2 liberty cell(s) do not have LEF masters and will be marked as dont-use:
Running 'Odb.CellFrequencyTables' at 'runs/RUN_2026-08-28_16-13-43/60-odb-cellfrequencytables'…
Logging subprocess to [repr.filename]'runs/RUN_2026-08-28_16-13-43/60-odb-cellfrequencytables/buffer_list.txt'[/repr.filename]…
[STA-1173] /foss/pdks/sky130A/libs.ref/sky130_fd_io/lib/sky130_ef_io__vccd_lvc_clamped_pad_tt_025C_1v80_3v30_3v30.lib line 42, default_fanout_load is 0.0.
[STA-1173] /foss/pdks/sky130A/libs.ref/sky130_fd_io/lib/sky130_ef_io__vssd_lvc_clamped_pad_tt_025C_1v80_3v30.lib line 43, default_fanout_load is 0.0.
[STA-1173] /foss/pdks/sky130A/libs.ref/sky130_fd_io/lib/sky130_ef_io__vddio_hvc_clamped_pad_tt_025C_1v80_3v30_3v30.lib line 42, default_fanout_load is 0.0.
[STA-1173] /foss/pdks/sky130A/libs.ref/sky130_fd_io/lib/sky130_ef_io__vssio_hvc_clamped_pad_tt_025C_1v80_3v30_3v30.lib line 42, default_fanout_load is 0.0.
[STA-1173] /foss/pdks/sky130A/libs.ref/sky130_fd_io/lib/sky130_ef_io__gpiov2_pad_tt_tt_025C_1v80_3v30.lib line 33, default_fanout_load is 0.0.
[STA-1173] /foss/pdks/sky130A/libs.ref/sky130_fd_io/lib/slices_stubs.lib line 33, default_fanout_load is 0.0.
[STA-1173] /foss/pdks/sky130A/libs.ref/sky130_fd_io/lib/sky130_ef_io__analog_stubs.lib line 43, default_fanout_load is 0.0.
Logging subprocess to [repr.filename]'runs/RUN_2026-08-28_16-13-43/60-odb-cellfrequencytables/odb-cellfrequencytables.log'[/repr.filename]…
Running 'OpenROAD.RCX' at 'runs/RUN_2026-08-28_16-13-43/61-openroad-rcx'…
Running RCX for corners matching nom_* (/foss/designs/Work_Area/GDS/runs/RUN_2026-08-28_16-13-43/61-openroad-rcx/nom/rcx.log)…
Running RCX for corners matching min_* (/foss/designs/Work_Area/GDS/runs/RUN_2026-08-28_16-13-43/61-openroad-rcx/min/rcx.log)…
Running RCX for corners matching max_* (/foss/designs/Work_Area/GDS/runs/RUN_2026-08-28_16-13-43/61-openroad-rcx/max/rcx.log)…
Logging subprocess to [repr.filename]'runs/RUN_2026-08-28_16-13-43/61-openroad-rcx/nom/rcx.log'[/repr.filename]…
Logging subprocess to [repr.filename]'runs/RUN_2026-08-28_16-13-43/61-openroad-rcx/max/rcx.log'[/repr.filename]…
Logging subprocess to [repr.filename]'runs/RUN_2026-08-28_16-13-43/61-openroad-rcx/min/rcx.log'[/repr.filename]…
Finished RCX for corners matching nom_*.
Finished RCX for corners matching min_*.
Finished RCX for corners matching max_*.
Running 'OpenROAD.STAPostPNR' at 'runs/RUN_2026-08-28_16-13-43/62-openroad-stapostpnr'…
Starting STA for the nom_tt_025C_1v80 timing corner…
Starting STA for the nom_ss_100C_1v60 timing corner…
Starting STA for the nom_ff_n40C_1v95 timing corner…
Starting STA for the min_tt_025C_1v80 timing corner…
Logging subprocess to [repr.filename]'runs/RUN_2026-08-28_16-13-43/62-openroad-stapostpnr/nom_ss_100C_1v60/sta.log'[/repr.filename]…
Starting STA for the min_ss_100C_1v60 timing corner…
Logging subprocess to [repr.filename]'runs/RUN_2026-08-28_16-13-43/62-openroad-stapostpnr/nom_ff_n40C_1v95/sta.log'[/repr.filename]…
Logging subprocess to [repr.filename]'runs/RUN_2026-08-28_16-13-43/62-openroad-stapostpnr/min_tt_025C_1v80/sta.log'[/repr.filename]…
Starting STA for the min_ff_n40C_1v95 timing corner…
Starting STA for the max_tt_025C_1v80 timing corner…
Logging subprocess to [repr.filename]'runs/RUN_2026-08-28_16-13-43/62-openroad-stapostpnr/nom_tt_025C_1v80/sta.log'[/repr.filename]…
Starting STA for the max_ss_100C_1v60 timing corner…
Starting STA for the max_ff_n40C_1v95 timing corner…
Logging subprocess to [repr.filename]'runs/RUN_2026-08-28_16-13-43/62-openroad-stapostpnr/min_ss_100C_1v60/sta.log'[/repr.filename]…
Logging subprocess to [repr.filename]'runs/RUN_2026-08-28_16-13-43/62-openroad-stapostpnr/max_tt_025C_1v80/sta.log'[/repr.filename]…
Logging subprocess to [repr.filename]'runs/RUN_2026-08-28_16-13-43/62-openroad-stapostpnr/min_ff_n40C_1v95/sta.log'[/repr.filename]…
Logging subprocess to [repr.filename]'runs/RUN_2026-08-28_16-13-43/62-openroad-stapostpnr/max_ff_n40C_1v95/sta.log'[/repr.filename]…
Logging subprocess to [repr.filename]'runs/RUN_2026-08-28_16-13-43/62-openroad-stapostpnr/max_ss_100C_1v60/sta.log'[/repr.filename]…
Finished STA for the max_ss_100C_1v60 timing corner.
Logging subprocess to [repr.filename]'runs/RUN_2026-08-28_16-13-43/62-openroad-stapostpnr/max_ss_100C_1v60/filter_unannotated.log'[/repr.filename]…
Finished STA for the nom_ss_100C_1v60 timing corner.
Logging subprocess to [repr.filename]'runs/RUN_2026-08-28_16-13-43/62-openroad-stapostpnr/nom_ss_100C_1v60/filter_unannotated.log'[/repr.filename]…
Finished STA for the min_tt_025C_1v80 timing corner.
Finished STA for the nom_ff_n40C_1v95 timing corner.
Finished STA for the nom_tt_025C_1v80 timing corner.
Finished STA for the max_tt_025C_1v80 timing corner.
Logging subprocess to [repr.filename]'runs/RUN_2026-08-28_16-13-43/62-openroad-stapostpnr/min_tt_025C_1v80/filter_unannotated.log'[/repr.filename]…
Logging subprocess to [repr.filename]'runs/RUN_2026-08-28_16-13-43/62-openroad-stapostpnr/nom_ff_n40C_1v95/filter_unannotated.log'[/repr.filename]…
Logging subprocess to [repr.filename]'runs/RUN_2026-08-28_16-13-43/62-openroad-stapostpnr/nom_tt_025C_1v80/filter_unannotated.log'[/repr.filename]…
Logging subprocess to [repr.filename]'runs/RUN_2026-08-28_16-13-43/62-openroad-stapostpnr/max_tt_025C_1v80/filter_unannotated.log'[/repr.filename]…
Finished STA for the max_ff_n40C_1v95 timing corner.
Logging subprocess to [repr.filename]'runs/RUN_2026-08-28_16-13-43/62-openroad-stapostpnr/max_ff_n40C_1v95/filter_unannotated.log'[/repr.filename]…
Finished STA for the min_ss_100C_1v60 timing corner.
Logging subprocess to [repr.filename]'runs/RUN_2026-08-28_16-13-43/62-openroad-stapostpnr/min_ss_100C_1v60/filter_unannotated.log'[/repr.filename]…
Finished STA for the min_ff_n40C_1v95 timing corner.
Logging subprocess to [repr.filename]'runs/RUN_2026-08-28_16-13-43/62-openroad-stapostpnr/min_ff_n40C_1v95/filter_unannotated.log'[/repr.filename]…
Running 'OpenROAD.IRDropReport' at 'runs/RUN_2026-08-28_16-13-43/63-openroad-irdropreport'…
'VSRC_LOC_FILES' was not given a value, which may make the results of IR drop analysis inaccurate. If you are not integrating a top-level chip for manufacture, you may ignore this warning, otherwise, see the documentation for 'VSRC_LOC_FILES'.
Logging subprocess to [repr.filename]'runs/RUN_2026-08-28_16-13-43/63-openroad-irdropreport/openroad-irdropreport.log'[/repr.filename]…
[STA-1173] /foss/pdks/sky130A/libs.ref/sky130_fd_io/lib/sky130_ef_io__vccd_lvc_clamped_pad_tt_025C_1v80_3v30_3v30.lib line 42, default_fanout_load is 0.0.
[STA-1173] /foss/pdks/sky130A/libs.ref/sky130_fd_io/lib/sky130_ef_io__vssd_lvc_clamped_pad_tt_025C_1v80_3v30.lib line 43, default_fanout_load is 0.0.
[STA-1173] /foss/pdks/sky130A/libs.ref/sky130_fd_io/lib/sky130_ef_io__vddio_hvc_clamped_pad_tt_025C_1v80_3v30_3v30.lib line 42, default_fanout_load is 0.0.
[STA-1173] /foss/pdks/sky130A/libs.ref/sky130_fd_io/lib/sky130_ef_io__vssio_hvc_clamped_pad_tt_025C_1v80_3v30_3v30.lib line 42, default_fanout_load is 0.0.
[STA-1173] /foss/pdks/sky130A/libs.ref/sky130_fd_io/lib/sky130_ef_io__gpiov2_pad_tt_tt_025C_1v80_3v30.lib line 33, default_fanout_load is 0.0.
[STA-1173] /foss/pdks/sky130A/libs.ref/sky130_fd_io/lib/slices_stubs.lib line 33, default_fanout_load is 0.0.
[STA-1173] /foss/pdks/sky130A/libs.ref/sky130_fd_io/lib/sky130_ef_io__analog_stubs.lib line 43, default_fanout_load is 0.0.
[ORD-2056] The following 2 liberty cell(s) do not have LEF masters and will be marked as dont-use:
+ analyze_power_grid -net vdd -voltage_file /foss/designs/Work_Area/GDS/runs/RUN_2026-08-28_16-13-43/63-openroad-irdropreport/net-vdd.csv
[INFO PSM-0040] All shapes on net vdd are connected.
########## IR report #################
Net              : vdd
Corner           : nom_tt_025C_1v80
Total power      : 8.21e-05 W
Supply voltage   : 1.80e+00 V
Worstcase voltage: 1.80e+00 V
Average voltage  : 1.80e+00 V
Average IR drop  : 2.96e-05 V
Worstcase IR drop: 1.02e-04 V
Percentage drop  : 0.01 %
######################################
+ analyze_power_grid -net vss -voltage_file /foss/designs/Work_Area/GDS/runs/RUN_2026-08-28_16-13-43/63-openroad-irdropreport/net-vss.csv
[INFO PSM-0040] All shapes on net vss are connected.
########## IR report #################
Net              : vss
Corner           : nom_tt_025C_1v80
Total power      : 8.21e-05 W
Supply voltage   : 0.00e+00 V
Worstcase voltage: 8.08e-05 V
Average voltage  : 2.19e-05 V
Average IR drop  : 2.19e-05 V
Worstcase IR drop: 8.08e-05 V
Percentage drop  : 0.00 %
######################################

Running 'Magic.StreamOut' at 'runs/RUN_2026-08-28_16-13-43/64-magic-streamout'…
Logging subprocess to [repr.filename]'runs/RUN_2026-08-28_16-13-43/64-magic-streamout/magic-streamout.log'[/repr.filename]…
Running 'KLayout.StreamOut' at 'runs/RUN_2026-08-28_16-13-43/65-klayout-streamout'…
Logging subprocess to [repr.filename]'runs/RUN_2026-08-28_16-13-43/65-klayout-streamout/klayout-streamout.log'[/repr.filename]…
Running 'KLayout.Render' at 'runs/RUN_2026-08-28_16-13-43/66-klayout-render'…
Logging subprocess to [repr.filename]'runs/RUN_2026-08-28_16-13-43/66-klayout-render/klayout-render.log'[/repr.filename]…
Running 'Magic.WriteLEF' at 'runs/RUN_2026-08-28_16-13-43/67-magic-writelef'…
Logging subprocess to [repr.filename]'runs/RUN_2026-08-28_16-13-43/67-magic-writelef/magic-writelef.log'[/repr.filename]…
Running 'Odb.CheckDesignAntennaProperties' at 'runs/RUN_2026-08-28_16-13-43/68-odb-checkdesignantennaproperties'…
Logging subprocess to [repr.filename]'runs/RUN_2026-08-28_16-13-43/68-odb-checkdesignantennaproperties/odb-checkdesignantennaproperties.log'[/repr.filename]…
Running 'KLayout.XOR' at 'runs/RUN_2026-08-28_16-13-43/69-klayout-xor'…
Running XOR with 12 threads…
Logging subprocess to [repr.filename]'runs/RUN_2026-08-28_16-13-43/69-klayout-xor/klayout-xor.log'[/repr.filename]…
Running 'Checker.XOR' at 'runs/RUN_2026-08-28_16-13-43/70-checker-xor'…
Check for XOR differences clear.
Running 'Magic.DRC' at 'runs/RUN_2026-08-28_16-13-43/71-magic-drc'…
Logging subprocess to [repr.filename]'runs/RUN_2026-08-28_16-13-43/71-magic-drc/magic-drc.log'[/repr.filename]…
Running 'KLayout.DRC' at 'runs/RUN_2026-08-28_16-13-43/72-klayout-drc'…
Running KLayout DRC with 12 threads…
Logging subprocess to [repr.filename]'runs/RUN_2026-08-28_16-13-43/72-klayout-drc/klayout-drc.log'[/repr.filename]…
Logging subprocess to [repr.filename]'runs/RUN_2026-08-28_16-13-43/72-klayout-drc/xml_drc_report_to_json.log'[/repr.filename]…
Running 'Checker.MagicDRC' at 'runs/RUN_2026-08-28_16-13-43/73-checker-magicdrc'…
Check for Magic DRC errors clear.
Running 'Checker.KLayoutDRC' at 'runs/RUN_2026-08-28_16-13-43/74-checker-klayoutdrc'…
Check for KLayout DRC errors clear.
Running 'Magic.SpiceExtraction' at 'runs/RUN_2026-08-28_16-13-43/75-magic-spiceextraction'…
Logging subprocess to [repr.filename]'runs/RUN_2026-08-28_16-13-43/75-magic-spiceextraction/magic-spiceextraction.log'[/repr.filename]…
Running 'Checker.IllegalOverlap' at 'runs/RUN_2026-08-28_16-13-43/76-checker-illegaloverlap'…
Check for Magic Illegal Overlap errors clear.
Running 'Netgen.LVS' at 'runs/RUN_2026-08-28_16-13-43/77-netgen-lvs'…
Logging subprocess to [repr.filename]'runs/RUN_2026-08-28_16-13-43/77-netgen-lvs/netgen-lvs.log'[/repr.filename]…
Running 'Checker.LVS' at 'runs/RUN_2026-08-28_16-13-43/78-checker-lvs'…
Check for LVS errors clear.
Gating variable for step 'Yosys.EQY' set to 'False'- the step will be skipped.
Skipping step 'Equivalence Check'…
Running 'Checker.SetupViolations' at 'runs/RUN_2026-08-28_16-13-43/79-checker-setupviolations'…
No setup violations found
Running 'Checker.HoldViolations' at 'runs/RUN_2026-08-28_16-13-43/80-checker-holdviolations'…
No hold violations found
Running 'Checker.MaxSlewViolations' at 'runs/RUN_2026-08-28_16-13-43/81-checker-maxslewviolations'…
No max slew violations found
Running 'Checker.MaxCapViolations' at 'runs/RUN_2026-08-28_16-13-43/82-checker-maxcapviolations'…
No max cap violations found
Running 'Misc.ReportManufacturability' at 'runs/RUN_2026-08-28_16-13-43/83-misc-reportmanufacturability'…
Saving views to '/foss/designs/Work_Area/GDS/runs/RUN_2026-08-28_16-13-43/final'…
Flow complete.
Starting…
Running 'KLayout.OpenGUI' at 'runs/RUN_2026-08-28_16-13-43/84-klayout-opengui'…
Saving views to '/foss/designs/Work_Area/GDS/runs/RUN_2026-08-28_16-13-43/final'…
Flow complete.
